--------------------------------------------------------
-- Archivo creado  - jueves-mayo-11-2023   
--------------------------------------------------------
--------------------------------------------------------
--  DDL for Table MEDICO
--------------------------------------------------------

  CREATE TABLE "U70591363Q"."MEDICO" 
   (	"P_SANIT_P_SANIT_ID" NUMBER, 
	"ID_M" VARCHAR2(45 CHAR), 
	"ESPECIALIZACION" VARCHAR2(45 CHAR), 
	"ANIOS_TRABAJO" NUMBER(*,0)
   ) SEGMENT CREATION IMMEDIATE 
  PCTFREE 10 PCTUSED 40 INITRANS 1 MAXTRANS 255 
 NOCOMPRESS LOGGING
  STORAGE(INITIAL 65536 NEXT 1048576 MINEXTENTS 1 MAXEXTENTS 2147483645
  PCTINCREASE 0 FREELISTS 1 FREELIST GROUPS 1
  BUFFER_POOL DEFAULT FLASH_CACHE DEFAULT CELL_FLASH_CACHE DEFAULT)
  TABLESPACE "USERS" ;
--------------------------------------------------------
--  DDL for Table NO_FINAN
--------------------------------------------------------

  CREATE TABLE "U70591363Q"."NO_FINAN" 
   (	"C_NACIONAL" VARCHAR2(45 CHAR)
   ) SEGMENT CREATION IMMEDIATE 
  PCTFREE 10 PCTUSED 40 INITRANS 1 MAXTRANS 255 
 NOCOMPRESS LOGGING
  STORAGE(INITIAL 65536 NEXT 1048576 MINEXTENTS 1 MAXEXTENTS 2147483645
  PCTINCREASE 0 FREELISTS 1 FREELIST GROUPS 1
  BUFFER_POOL DEFAULT FLASH_CACHE DEFAULT CELL_FLASH_CACHE DEFAULT)
  TABLESPACE "USERS" ;
--------------------------------------------------------
--  DDL for Table SINTOMAS
--------------------------------------------------------

  CREATE TABLE "U70591363Q"."SINTOMAS" 
   (	"SINTOMAS" VARCHAR2(45 CHAR), 
	"ENFDAD_CIE10" VARCHAR2(45 CHAR)
   ) SEGMENT CREATION IMMEDIATE 
  PCTFREE 10 PCTUSED 40 INITRANS 1 MAXTRANS 255 
 NOCOMPRESS LOGGING
  STORAGE(INITIAL 65536 NEXT 1048576 MINEXTENTS 1 MAXEXTENTS 2147483645
  PCTINCREASE 0 FREELISTS 1 FREELIST GROUPS 1
  BUFFER_POOL DEFAULT FLASH_CACHE DEFAULT CELL_FLASH_CACHE DEFAULT)
  TABLESPACE "USERS" ;
--------------------------------------------------------
--  DDL for Table FINAN
--------------------------------------------------------

  CREATE TABLE "U70591363Q"."FINAN" 
   (	"C_NACIONAL" VARCHAR2(45 CHAR), 
	"PVP" FLOAT(126), 
	"PVL" FLOAT(126)
   ) SEGMENT CREATION IMMEDIATE 
  PCTFREE 10 PCTUSED 40 INITRANS 1 MAXTRANS 255 
 NOCOMPRESS LOGGING
  STORAGE(INITIAL 65536 NEXT 1048576 MINEXTENTS 1 MAXEXTENTS 2147483645
  PCTINCREASE 0 FREELISTS 1 FREELIST GROUPS 1
  BUFFER_POOL DEFAULT FLASH_CACHE DEFAULT CELL_FLASH_CACHE DEFAULT)
  TABLESPACE "USERS" ;
--------------------------------------------------------
--  DDL for Table P_SANIT
--------------------------------------------------------

  CREATE TABLE "U70591363Q"."P_SANIT" 
   (	"P_SANIT_ID" NUMBER, 
	"P_SANIT_TYPE" VARCHAR2(9 BYTE)
   ) SEGMENT CREATION IMMEDIATE 
  PCTFREE 10 PCTUSED 40 INITRANS 1 MAXTRANS 255 
 NOCOMPRESS LOGGING
  STORAGE(INITIAL 65536 NEXT 1048576 MINEXTENTS 1 MAXEXTENTS 2147483645
  PCTINCREASE 0 FREELISTS 1 FREELIST GROUPS 1
  BUFFER_POOL DEFAULT FLASH_CACHE DEFAULT CELL_FLASH_CACHE DEFAULT)
  TABLESPACE "USERS" ;
--------------------------------------------------------
--  DDL for Table PACIENTE
--------------------------------------------------------

  CREATE TABLE "U70591363Q"."PACIENTE" 
   (	"DNI" VARCHAR2(45 CHAR), 
	"NOMBRE_PAC" VARCHAR2(34 CHAR), 
	"APELLIDO" VARCHAR2(45 CHAR), 
	"FECHA_NACIMIENTO" DATE, 
	"HISTORIAL_MEDICO_N_REGISTRO" NUMBER(*,0)
   ) SEGMENT CREATION IMMEDIATE 
  PCTFREE 10 PCTUSED 40 INITRANS 1 MAXTRANS 255 
 NOCOMPRESS LOGGING
  STORAGE(INITIAL 65536 NEXT 1048576 MINEXTENTS 1 MAXEXTENTS 2147483645
  PCTINCREASE 0 FREELISTS 1 FREELIST GROUPS 1
  BUFFER_POOL DEFAULT FLASH_CACHE DEFAULT CELL_FLASH_CACHE DEFAULT)
  TABLESPACE "USERS" ;
--------------------------------------------------------
--  DDL for Table FAM_MEDIC
--------------------------------------------------------

  CREATE TABLE "U70591363Q"."FAM_MEDIC" 
   (	"FAMILIA_MEDICAMENTO" VARCHAR2(35 CHAR), 
	"MEDIC_C_NACIONAL" VARCHAR2(45 CHAR)
   ) SEGMENT CREATION IMMEDIATE 
  PCTFREE 10 PCTUSED 40 INITRANS 1 MAXTRANS 255 
 NOCOMPRESS LOGGING
  STORAGE(INITIAL 65536 NEXT 1048576 MINEXTENTS 1 MAXEXTENTS 2147483645
  PCTINCREASE 0 FREELISTS 1 FREELIST GROUPS 1
  BUFFER_POOL DEFAULT FLASH_CACHE DEFAULT CELL_FLASH_CACHE DEFAULT)
  TABLESPACE "USERS" ;
--------------------------------------------------------
--  DDL for Table PAC_ENF
--------------------------------------------------------

  CREATE TABLE "U70591363Q"."PAC_ENF" 
   (	"PACIENTE_DNI" VARCHAR2(45 CHAR), 
	"ENFDAD_CIE10" VARCHAR2(45 CHAR), 
	"DURACION" VARCHAR2(56 CHAR)
   ) SEGMENT CREATION IMMEDIATE 
  PCTFREE 10 PCTUSED 40 INITRANS 1 MAXTRANS 255 
 NOCOMPRESS LOGGING
  STORAGE(INITIAL 65536 NEXT 1048576 MINEXTENTS 1 MAXEXTENTS 2147483645
  PCTINCREASE 0 FREELISTS 1 FREELIST GROUPS 1
  BUFFER_POOL DEFAULT FLASH_CACHE DEFAULT CELL_FLASH_CACHE DEFAULT)
  TABLESPACE "USERS" ;
--------------------------------------------------------
--  DDL for Table CITA
--------------------------------------------------------

  CREATE TABLE "U70591363Q"."CITA" 
   (	"FECHA" DATE, 
	"HORA" DATE, 
	"PACIENTE_DNI" VARCHAR2(45 CHAR), 
	"CONSULTA_NUMERO" NUMBER(*,0), 
	"CONSULTA_PLANTA" NUMBER(*,0), 
	"P_SANIT_P_SANIT_ID" NUMBER
   ) SEGMENT CREATION IMMEDIATE 
  PCTFREE 10 PCTUSED 40 INITRANS 1 MAXTRANS 255 
 NOCOMPRESS LOGGING
  STORAGE(INITIAL 65536 NEXT 1048576 MINEXTENTS 1 MAXEXTENTS 2147483645
  PCTINCREASE 0 FREELISTS 1 FREELIST GROUPS 1
  BUFFER_POOL DEFAULT FLASH_CACHE DEFAULT CELL_FLASH_CACHE DEFAULT)
  TABLESPACE "USERS" ;
--------------------------------------------------------
--  DDL for Table ENFERMERO
--------------------------------------------------------

  CREATE TABLE "U70591363Q"."ENFERMERO" 
   (	"P_SANIT_P_SANIT_ID" NUMBER, 
	"CODIGO" NUMBER(*,0), 
	"TURNO" CHAR(1 BYTE)
   ) SEGMENT CREATION IMMEDIATE 
  PCTFREE 10 PCTUSED 40 INITRANS 1 MAXTRANS 255 
 NOCOMPRESS LOGGING
  STORAGE(INITIAL 65536 NEXT 1048576 MINEXTENTS 1 MAXEXTENTS 2147483645
  PCTINCREASE 0 FREELISTS 1 FREELIST GROUPS 1
  BUFFER_POOL DEFAULT FLASH_CACHE DEFAULT CELL_FLASH_CACHE DEFAULT)
  TABLESPACE "USERS" ;
--------------------------------------------------------
--  DDL for Table FARM_NO_FINAN
--------------------------------------------------------

  CREATE TABLE "U70591363Q"."FARM_NO_FINAN" 
   (	"FARMACIA_N_LICENCIA" NUMBER(*,0), 
	"NO_FINAN_C_NACIONAL" VARCHAR2(45 CHAR)
   ) SEGMENT CREATION IMMEDIATE 
  PCTFREE 10 PCTUSED 40 INITRANS 1 MAXTRANS 255 
 NOCOMPRESS LOGGING
  STORAGE(INITIAL 65536 NEXT 1048576 MINEXTENTS 1 MAXEXTENTS 2147483645
  PCTINCREASE 0 FREELISTS 1 FREELIST GROUPS 1
  BUFFER_POOL DEFAULT FLASH_CACHE DEFAULT CELL_FLASH_CACHE DEFAULT)
  TABLESPACE "USERS" ;
--------------------------------------------------------
--  DDL for Table HISTORIAL_MEDICO
--------------------------------------------------------

  CREATE TABLE "U70591363Q"."HISTORIAL_MEDICO" 
   (	"N_REGISTRO" NUMBER(*,0), 
	"FECHA_INICIO" DATE, 
	"FECHA_CIERRE" DATE, 
	"PACIENTE_DNI" VARCHAR2(45 CHAR)
   ) SEGMENT CREATION IMMEDIATE 
  PCTFREE 10 PCTUSED 40 INITRANS 1 MAXTRANS 255 
 NOCOMPRESS LOGGING
  STORAGE(INITIAL 65536 NEXT 1048576 MINEXTENTS 1 MAXEXTENTS 2147483645
  PCTINCREASE 0 FREELISTS 1 FREELIST GROUPS 1
  BUFFER_POOL DEFAULT FLASH_CACHE DEFAULT CELL_FLASH_CACHE DEFAULT)
  TABLESPACE "USERS" ;
--------------------------------------------------------
--  DDL for Table FARMACIA
--------------------------------------------------------

  CREATE TABLE "U70591363Q"."FARMACIA" 
   (	"N_LICENCIA" NUMBER(*,0), 
	"UBICACION" VARCHAR2(45 CHAR)
   ) SEGMENT CREATION IMMEDIATE 
  PCTFREE 10 PCTUSED 40 INITRANS 1 MAXTRANS 255 
 NOCOMPRESS LOGGING
  STORAGE(INITIAL 65536 NEXT 1048576 MINEXTENTS 1 MAXEXTENTS 2147483645
  PCTINCREASE 0 FREELISTS 1 FREELIST GROUPS 1
  BUFFER_POOL DEFAULT FLASH_CACHE DEFAULT CELL_FLASH_CACHE DEFAULT)
  TABLESPACE "USERS" ;
--------------------------------------------------------
--  DDL for Table MEDIC
--------------------------------------------------------

  CREATE TABLE "U70591363Q"."MEDIC" 
   (	"C_NACIONAL" VARCHAR2(45 CHAR), 
	"NOMBRE" VARCHAR2(45 CHAR), 
	"VIA_ADMINISTRACION" VARCHAR2(45 CHAR), 
	"PRESENTACION" VARCHAR2(45 CHAR), 
	"FORMATO" VARCHAR2(45 CHAR), 
	"RECETA" VARCHAR2(45 CHAR), 
	"MEDIC_TYPE" VARCHAR2(12 BYTE)
   ) SEGMENT CREATION IMMEDIATE 
  PCTFREE 10 PCTUSED 40 INITRANS 1 MAXTRANS 255 
 NOCOMPRESS LOGGING
  STORAGE(INITIAL 65536 NEXT 1048576 MINEXTENTS 1 MAXEXTENTS 2147483645
  PCTINCREASE 0 FREELISTS 1 FREELIST GROUPS 1
  BUFFER_POOL DEFAULT FLASH_CACHE DEFAULT CELL_FLASH_CACHE DEFAULT)
  TABLESPACE "USERS" ;
--------------------------------------------------------
--  DDL for Table ENFDAD
--------------------------------------------------------

  CREATE TABLE "U70591363Q"."ENFDAD" 
   (	"CIE10" VARCHAR2(45 CHAR), 
	"CRONICA" CHAR(1 BYTE), 
	"NOMBRE_ENFDAD" VARCHAR2(45 CHAR), 
	"TASA_MORTALIDAD" NUMBER(*,0), 
	"TASA_LETALIDAD" NUMBER(*,0)
   ) SEGMENT CREATION IMMEDIATE 
  PCTFREE 10 PCTUSED 40 INITRANS 1 MAXTRANS 255 
 NOCOMPRESS LOGGING
  STORAGE(INITIAL 65536 NEXT 1048576 MINEXTENTS 1 MAXEXTENTS 2147483645
  PCTINCREASE 0 FREELISTS 1 FREELIST GROUPS 1
  BUFFER_POOL DEFAULT FLASH_CACHE DEFAULT CELL_FLASH_CACHE DEFAULT)
  TABLESPACE "USERS" ;
--------------------------------------------------------
--  DDL for Table CONSULTA
--------------------------------------------------------

  CREATE TABLE "U70591363Q"."CONSULTA" 
   (	"NUMERO" NUMBER(*,0), 
	"PLANTA" NUMBER(*,0), 
	"TAMANIO" NUMBER(*,0), 
	"AFORO" NUMBER(*,0)
   ) SEGMENT CREATION IMMEDIATE 
  PCTFREE 10 PCTUSED 40 INITRANS 1 MAXTRANS 255 
 NOCOMPRESS LOGGING
  STORAGE(INITIAL 65536 NEXT 1048576 MINEXTENTS 1 MAXEXTENTS 2147483645
  PCTINCREASE 0 FREELISTS 1 FREELIST GROUPS 1
  BUFFER_POOL DEFAULT FLASH_CACHE DEFAULT CELL_FLASH_CACHE DEFAULT)
  TABLESPACE "USERS" ;
--------------------------------------------------------
--  DDL for Table EFEC_SECUN
--------------------------------------------------------

  CREATE TABLE "U70591363Q"."EFEC_SECUN" 
   (	"DESCRIPCION" VARCHAR2(45 CHAR), 
	"NIVEL_GRAVEDAD" NUMBER(*,0), 
	"FRECUENCIA_APARICION" NUMBER(*,0), 
	"MEDIC_C_NACIONAL" VARCHAR2(45 CHAR)
   ) SEGMENT CREATION IMMEDIATE 
  PCTFREE 10 PCTUSED 40 INITRANS 1 MAXTRANS 255 
 NOCOMPRESS LOGGING
  STORAGE(INITIAL 65536 NEXT 1048576 MINEXTENTS 1 MAXEXTENTS 2147483645
  PCTINCREASE 0 FREELISTS 1 FREELIST GROUPS 1
  BUFFER_POOL DEFAULT FLASH_CACHE DEFAULT CELL_FLASH_CACHE DEFAULT)
  TABLESPACE "USERS" ;
--------------------------------------------------------
--  DDL for Table ENF_MEDIC
--------------------------------------------------------

  CREATE TABLE "U70591363Q"."ENF_MEDIC" 
   (	"ENFDAD_CIE10" VARCHAR2(45 CHAR), 
	"MEDIC_C_NACIONAL" VARCHAR2(45 CHAR)
   ) SEGMENT CREATION IMMEDIATE 
  PCTFREE 10 PCTUSED 40 INITRANS 1 MAXTRANS 255 
 NOCOMPRESS LOGGING
  STORAGE(INITIAL 65536 NEXT 1048576 MINEXTENTS 1 MAXEXTENTS 2147483645
  PCTINCREASE 0 FREELISTS 1 FREELIST GROUPS 1
  BUFFER_POOL DEFAULT FLASH_CACHE DEFAULT CELL_FLASH_CACHE DEFAULT)
  TABLESPACE "USERS" ;
REM INSERTING into U70591363Q.MEDICO
SET DEFINE OFF;
Insert into U70591363Q.MEDICO (P_SANIT_P_SANIT_ID,ID_M,ESPECIALIZACION,ANIOS_TRABAJO) values ('1968','25','21','5');
Insert into U70591363Q.MEDICO (P_SANIT_P_SANIT_ID,ID_M,ESPECIALIZACION,ANIOS_TRABAJO) values ('6031','60','19','12');
Insert into U70591363Q.MEDICO (P_SANIT_P_SANIT_ID,ID_M,ESPECIALIZACION,ANIOS_TRABAJO) values ('5866','37','30','15');
Insert into U70591363Q.MEDICO (P_SANIT_P_SANIT_ID,ID_M,ESPECIALIZACION,ANIOS_TRABAJO) values ('3033','43','89','25');
Insert into U70591363Q.MEDICO (P_SANIT_P_SANIT_ID,ID_M,ESPECIALIZACION,ANIOS_TRABAJO) values ('9604','15','41','21');
Insert into U70591363Q.MEDICO (P_SANIT_P_SANIT_ID,ID_M,ESPECIALIZACION,ANIOS_TRABAJO) values ('7692','32','21','12');
Insert into U70591363Q.MEDICO (P_SANIT_P_SANIT_ID,ID_M,ESPECIALIZACION,ANIOS_TRABAJO) values ('9238','54','19','7');
Insert into U70591363Q.MEDICO (P_SANIT_P_SANIT_ID,ID_M,ESPECIALIZACION,ANIOS_TRABAJO) values ('3771','67','30','11');
Insert into U70591363Q.MEDICO (P_SANIT_P_SANIT_ID,ID_M,ESPECIALIZACION,ANIOS_TRABAJO) values ('5162','62','89','12');
Insert into U70591363Q.MEDICO (P_SANIT_P_SANIT_ID,ID_M,ESPECIALIZACION,ANIOS_TRABAJO) values ('9971','10','41','25');
Insert into U70591363Q.MEDICO (P_SANIT_P_SANIT_ID,ID_M,ESPECIALIZACION,ANIOS_TRABAJO) values ('1050','11','19','6');
Insert into U70591363Q.MEDICO (P_SANIT_P_SANIT_ID,ID_M,ESPECIALIZACION,ANIOS_TRABAJO) values ('9226','60','30','11');
Insert into U70591363Q.MEDICO (P_SANIT_P_SANIT_ID,ID_M,ESPECIALIZACION,ANIOS_TRABAJO) values ('5122','3','30','23');
Insert into U70591363Q.MEDICO (P_SANIT_P_SANIT_ID,ID_M,ESPECIALIZACION,ANIOS_TRABAJO) values ('4998','10','89','5');
Insert into U70591363Q.MEDICO (P_SANIT_P_SANIT_ID,ID_M,ESPECIALIZACION,ANIOS_TRABAJO) values ('9987','97','41','11');
Insert into U70591363Q.MEDICO (P_SANIT_P_SANIT_ID,ID_M,ESPECIALIZACION,ANIOS_TRABAJO) values ('8219','51','19','5');
Insert into U70591363Q.MEDICO (P_SANIT_P_SANIT_ID,ID_M,ESPECIALIZACION,ANIOS_TRABAJO) values ('4234','80','30','18');
Insert into U70591363Q.MEDICO (P_SANIT_P_SANIT_ID,ID_M,ESPECIALIZACION,ANIOS_TRABAJO) values ('7499','7','30','11');
Insert into U70591363Q.MEDICO (P_SANIT_P_SANIT_ID,ID_M,ESPECIALIZACION,ANIOS_TRABAJO) values ('3058','13','89','3');
Insert into U70591363Q.MEDICO (P_SANIT_P_SANIT_ID,ID_M,ESPECIALIZACION,ANIOS_TRABAJO) values ('4966','11','21','24');
Insert into U70591363Q.MEDICO (P_SANIT_P_SANIT_ID,ID_M,ESPECIALIZACION,ANIOS_TRABAJO) values ('4671','15','19','1');
Insert into U70591363Q.MEDICO (P_SANIT_P_SANIT_ID,ID_M,ESPECIALIZACION,ANIOS_TRABAJO) values ('8983','97','30','27');
Insert into U70591363Q.MEDICO (P_SANIT_P_SANIT_ID,ID_M,ESPECIALIZACION,ANIOS_TRABAJO) values ('9049','57','89','21');
Insert into U70591363Q.MEDICO (P_SANIT_P_SANIT_ID,ID_M,ESPECIALIZACION,ANIOS_TRABAJO) values ('9152','55','19','9');
Insert into U70591363Q.MEDICO (P_SANIT_P_SANIT_ID,ID_M,ESPECIALIZACION,ANIOS_TRABAJO) values ('3872','30','30','26');
Insert into U70591363Q.MEDICO (P_SANIT_P_SANIT_ID,ID_M,ESPECIALIZACION,ANIOS_TRABAJO) values ('6861','5','30','24');
REM INSERTING into U70591363Q.NO_FINAN
SET DEFINE OFF;
Insert into U70591363Q.NO_FINAN (C_NACIONAL) values ('9555');
Insert into U70591363Q.NO_FINAN (C_NACIONAL) values ('7603');
Insert into U70591363Q.NO_FINAN (C_NACIONAL) values ('11');
Insert into U70591363Q.NO_FINAN (C_NACIONAL) values ('2103');
Insert into U70591363Q.NO_FINAN (C_NACIONAL) values ('2299');
Insert into U70591363Q.NO_FINAN (C_NACIONAL) values ('281');
Insert into U70591363Q.NO_FINAN (C_NACIONAL) values ('3143');
Insert into U70591363Q.NO_FINAN (C_NACIONAL) values ('7073');
Insert into U70591363Q.NO_FINAN (C_NACIONAL) values ('4529');
Insert into U70591363Q.NO_FINAN (C_NACIONAL) values ('9725');
Insert into U70591363Q.NO_FINAN (C_NACIONAL) values ('7039');
Insert into U70591363Q.NO_FINAN (C_NACIONAL) values ('1446');
Insert into U70591363Q.NO_FINAN (C_NACIONAL) values ('8236');
Insert into U70591363Q.NO_FINAN (C_NACIONAL) values ('5238');
Insert into U70591363Q.NO_FINAN (C_NACIONAL) values ('387');
Insert into U70591363Q.NO_FINAN (C_NACIONAL) values ('7013');
Insert into U70591363Q.NO_FINAN (C_NACIONAL) values ('773');
Insert into U70591363Q.NO_FINAN (C_NACIONAL) values ('882');
Insert into U70591363Q.NO_FINAN (C_NACIONAL) values ('973');
Insert into U70591363Q.NO_FINAN (C_NACIONAL) values ('120');
Insert into U70591363Q.NO_FINAN (C_NACIONAL) values ('3729');
Insert into U70591363Q.NO_FINAN (C_NACIONAL) values ('2132');
Insert into U70591363Q.NO_FINAN (C_NACIONAL) values ('5907');
Insert into U70591363Q.NO_FINAN (C_NACIONAL) values ('3294');
Insert into U70591363Q.NO_FINAN (C_NACIONAL) values ('3327');
Insert into U70591363Q.NO_FINAN (C_NACIONAL) values ('7843');
REM INSERTING into U70591363Q.SINTOMAS
SET DEFINE OFF;
Insert into U70591363Q.SINTOMAS (SINTOMAS,ENFDAD_CIE10) values ('Dolor de estómago','5850');
Insert into U70591363Q.SINTOMAS (SINTOMAS,ENFDAD_CIE10) values ('Dolor de estómago','7080');
Insert into U70591363Q.SINTOMAS (SINTOMAS,ENFDAD_CIE10) values ('Tos','1958');
Insert into U70591363Q.SINTOMAS (SINTOMAS,ENFDAD_CIE10) values ('Tos','8043');
Insert into U70591363Q.SINTOMAS (SINTOMAS,ENFDAD_CIE10) values ('Náuseas','9507');
Insert into U70591363Q.SINTOMAS (SINTOMAS,ENFDAD_CIE10) values ('Dolor de cabeza','4915');
Insert into U70591363Q.SINTOMAS (SINTOMAS,ENFDAD_CIE10) values ('Fiebre','2620');
Insert into U70591363Q.SINTOMAS (SINTOMAS,ENFDAD_CIE10) values ('Dolor de cabeza','2652');
Insert into U70591363Q.SINTOMAS (SINTOMAS,ENFDAD_CIE10) values ('Dolor de cabeza','5305');
Insert into U70591363Q.SINTOMAS (SINTOMAS,ENFDAD_CIE10) values ('Dolor de cabeza','1367');
Insert into U70591363Q.SINTOMAS (SINTOMAS,ENFDAD_CIE10) values ('Vómitos','4221');
Insert into U70591363Q.SINTOMAS (SINTOMAS,ENFDAD_CIE10) values ('Vómitos','7944');
Insert into U70591363Q.SINTOMAS (SINTOMAS,ENFDAD_CIE10) values ('Dolor de cabeza','1552');
Insert into U70591363Q.SINTOMAS (SINTOMAS,ENFDAD_CIE10) values ('Tos','4922');
Insert into U70591363Q.SINTOMAS (SINTOMAS,ENFDAD_CIE10) values ('Náuseas','7008');
Insert into U70591363Q.SINTOMAS (SINTOMAS,ENFDAD_CIE10) values ('Dolor de estómago','172');
Insert into U70591363Q.SINTOMAS (SINTOMAS,ENFDAD_CIE10) values ('Fiebre','3572');
Insert into U70591363Q.SINTOMAS (SINTOMAS,ENFDAD_CIE10) values ('Tos','8942');
Insert into U70591363Q.SINTOMAS (SINTOMAS,ENFDAD_CIE10) values ('Dolor de estómago','9461');
Insert into U70591363Q.SINTOMAS (SINTOMAS,ENFDAD_CIE10) values ('Vómitos','8379');
Insert into U70591363Q.SINTOMAS (SINTOMAS,ENFDAD_CIE10) values ('Náuseas','4435');
Insert into U70591363Q.SINTOMAS (SINTOMAS,ENFDAD_CIE10) values ('Fiebre','4990');
Insert into U70591363Q.SINTOMAS (SINTOMAS,ENFDAD_CIE10) values ('Náuseas','9305');
Insert into U70591363Q.SINTOMAS (SINTOMAS,ENFDAD_CIE10) values ('Fiebre','7411');
Insert into U70591363Q.SINTOMAS (SINTOMAS,ENFDAD_CIE10) values ('Dolor de estómago','4017');
Insert into U70591363Q.SINTOMAS (SINTOMAS,ENFDAD_CIE10) values ('Tos','7188');
Insert into U70591363Q.SINTOMAS (SINTOMAS,ENFDAD_CIE10) values ('Náuseas','593');
Insert into U70591363Q.SINTOMAS (SINTOMAS,ENFDAD_CIE10) values ('Tos','6603');
Insert into U70591363Q.SINTOMAS (SINTOMAS,ENFDAD_CIE10) values ('Vómitos','2205');
Insert into U70591363Q.SINTOMAS (SINTOMAS,ENFDAD_CIE10) values ('Dolor de cabeza','3144');
Insert into U70591363Q.SINTOMAS (SINTOMAS,ENFDAD_CIE10) values ('Dolor de cabeza','4127');
Insert into U70591363Q.SINTOMAS (SINTOMAS,ENFDAD_CIE10) values ('Tos','6112');
Insert into U70591363Q.SINTOMAS (SINTOMAS,ENFDAD_CIE10) values ('Náuseas','4382');
Insert into U70591363Q.SINTOMAS (SINTOMAS,ENFDAD_CIE10) values ('Dolor de estómago','6771');
Insert into U70591363Q.SINTOMAS (SINTOMAS,ENFDAD_CIE10) values ('Dolor de cabeza','2785');
Insert into U70591363Q.SINTOMAS (SINTOMAS,ENFDAD_CIE10) values ('Vómitos','8721');
Insert into U70591363Q.SINTOMAS (SINTOMAS,ENFDAD_CIE10) values ('Dolor de cabeza','1744');
Insert into U70591363Q.SINTOMAS (SINTOMAS,ENFDAD_CIE10) values ('Tos','290');
Insert into U70591363Q.SINTOMAS (SINTOMAS,ENFDAD_CIE10) values ('Fiebre','1138');
Insert into U70591363Q.SINTOMAS (SINTOMAS,ENFDAD_CIE10) values ('Fiebre','1951');
Insert into U70591363Q.SINTOMAS (SINTOMAS,ENFDAD_CIE10) values ('Náuseas','8059');
Insert into U70591363Q.SINTOMAS (SINTOMAS,ENFDAD_CIE10) values ('Fiebre','9356');
Insert into U70591363Q.SINTOMAS (SINTOMAS,ENFDAD_CIE10) values ('Fiebre','1946');
Insert into U70591363Q.SINTOMAS (SINTOMAS,ENFDAD_CIE10) values ('Dolor de cabeza','1246');
Insert into U70591363Q.SINTOMAS (SINTOMAS,ENFDAD_CIE10) values ('Tos','8436');
Insert into U70591363Q.SINTOMAS (SINTOMAS,ENFDAD_CIE10) values ('Vómitos','4596');
Insert into U70591363Q.SINTOMAS (SINTOMAS,ENFDAD_CIE10) values ('Dolor de estómago','2440');
Insert into U70591363Q.SINTOMAS (SINTOMAS,ENFDAD_CIE10) values ('Vómitos','9974');
Insert into U70591363Q.SINTOMAS (SINTOMAS,ENFDAD_CIE10) values ('Vómitos','5963');
Insert into U70591363Q.SINTOMAS (SINTOMAS,ENFDAD_CIE10) values ('Dolor de estómago','4281');
Insert into U70591363Q.SINTOMAS (SINTOMAS,ENFDAD_CIE10) values ('Dolor de cabeza','3998');
REM INSERTING into U70591363Q.FINAN
SET DEFINE OFF;
Insert into U70591363Q.FINAN (C_NACIONAL,PVP,PVL) values ('9433','840','798');
Insert into U70591363Q.FINAN (C_NACIONAL,PVP,PVL) values ('8005','878','272');
Insert into U70591363Q.FINAN (C_NACIONAL,PVP,PVL) values ('843','423','127');
Insert into U70591363Q.FINAN (C_NACIONAL,PVP,PVL) values ('4690','746','186');
Insert into U70591363Q.FINAN (C_NACIONAL,PVP,PVL) values ('9707','976','791');
Insert into U70591363Q.FINAN (C_NACIONAL,PVP,PVL) values ('9046','54','31');
Insert into U70591363Q.FINAN (C_NACIONAL,PVP,PVL) values ('6345','103','66');
Insert into U70591363Q.FINAN (C_NACIONAL,PVP,PVL) values ('2215','827','58');
Insert into U70591363Q.FINAN (C_NACIONAL,PVP,PVL) values ('7743','176','109');
Insert into U70591363Q.FINAN (C_NACIONAL,PVP,PVL) values ('5614','11','2');
Insert into U70591363Q.FINAN (C_NACIONAL,PVP,PVL) values ('8010','77','30');
Insert into U70591363Q.FINAN (C_NACIONAL,PVP,PVL) values ('6602','20','14');
Insert into U70591363Q.FINAN (C_NACIONAL,PVP,PVL) values ('1056','819','197');
Insert into U70591363Q.FINAN (C_NACIONAL,PVP,PVL) values ('4624','765','482');
Insert into U70591363Q.FINAN (C_NACIONAL,PVP,PVL) values ('4969','406','179');
Insert into U70591363Q.FINAN (C_NACIONAL,PVP,PVL) values ('159','725','297');
Insert into U70591363Q.FINAN (C_NACIONAL,PVP,PVL) values ('1515','90','36');
Insert into U70591363Q.FINAN (C_NACIONAL,PVP,PVL) values ('8600','253','30');
Insert into U70591363Q.FINAN (C_NACIONAL,PVP,PVL) values ('5877','405','275');
Insert into U70591363Q.FINAN (C_NACIONAL,PVP,PVL) values ('6368','848','585');
Insert into U70591363Q.FINAN (C_NACIONAL,PVP,PVL) values ('8708','656','243');
Insert into U70591363Q.FINAN (C_NACIONAL,PVP,PVL) values ('8034','538','188');
Insert into U70591363Q.FINAN (C_NACIONAL,PVP,PVL) values ('5962','109','13');
Insert into U70591363Q.FINAN (C_NACIONAL,PVP,PVL) values ('8303','608','109');
REM INSERTING into U70591363Q.P_SANIT
SET DEFINE OFF;
Insert into U70591363Q.P_SANIT (P_SANIT_ID,P_SANIT_TYPE) values ('1968','MEDICO');
Insert into U70591363Q.P_SANIT (P_SANIT_ID,P_SANIT_TYPE) values ('6031','MEDICO');
Insert into U70591363Q.P_SANIT (P_SANIT_ID,P_SANIT_TYPE) values ('5866','MEDICO');
Insert into U70591363Q.P_SANIT (P_SANIT_ID,P_SANIT_TYPE) values ('3033','MEDICO');
Insert into U70591363Q.P_SANIT (P_SANIT_ID,P_SANIT_TYPE) values ('9604','MEDICO');
Insert into U70591363Q.P_SANIT (P_SANIT_ID,P_SANIT_TYPE) values ('7692','MEDICO');
Insert into U70591363Q.P_SANIT (P_SANIT_ID,P_SANIT_TYPE) values ('9238','MEDICO');
Insert into U70591363Q.P_SANIT (P_SANIT_ID,P_SANIT_TYPE) values ('3771','MEDICO');
Insert into U70591363Q.P_SANIT (P_SANIT_ID,P_SANIT_TYPE) values ('5162','MEDICO');
Insert into U70591363Q.P_SANIT (P_SANIT_ID,P_SANIT_TYPE) values ('9971','MEDICO');
Insert into U70591363Q.P_SANIT (P_SANIT_ID,P_SANIT_TYPE) values ('1050','MEDICO');
Insert into U70591363Q.P_SANIT (P_SANIT_ID,P_SANIT_TYPE) values ('9226','MEDICO');
Insert into U70591363Q.P_SANIT (P_SANIT_ID,P_SANIT_TYPE) values ('5122','MEDICO');
Insert into U70591363Q.P_SANIT (P_SANIT_ID,P_SANIT_TYPE) values ('4998','MEDICO');
Insert into U70591363Q.P_SANIT (P_SANIT_ID,P_SANIT_TYPE) values ('9987','MEDICO');
Insert into U70591363Q.P_SANIT (P_SANIT_ID,P_SANIT_TYPE) values ('8219','MEDICO');
Insert into U70591363Q.P_SANIT (P_SANIT_ID,P_SANIT_TYPE) values ('4234','MEDICO');
Insert into U70591363Q.P_SANIT (P_SANIT_ID,P_SANIT_TYPE) values ('7499','MEDICO');
Insert into U70591363Q.P_SANIT (P_SANIT_ID,P_SANIT_TYPE) values ('3058','MEDICO');
Insert into U70591363Q.P_SANIT (P_SANIT_ID,P_SANIT_TYPE) values ('4966','MEDICO');
Insert into U70591363Q.P_SANIT (P_SANIT_ID,P_SANIT_TYPE) values ('4671','MEDICO');
Insert into U70591363Q.P_SANIT (P_SANIT_ID,P_SANIT_TYPE) values ('8983','MEDICO');
Insert into U70591363Q.P_SANIT (P_SANIT_ID,P_SANIT_TYPE) values ('9049','MEDICO');
Insert into U70591363Q.P_SANIT (P_SANIT_ID,P_SANIT_TYPE) values ('9152','MEDICO');
Insert into U70591363Q.P_SANIT (P_SANIT_ID,P_SANIT_TYPE) values ('3872','MEDICO');
Insert into U70591363Q.P_SANIT (P_SANIT_ID,P_SANIT_TYPE) values ('6861','MEDICO');
Insert into U70591363Q.P_SANIT (P_SANIT_ID,P_SANIT_TYPE) values ('5497','ENFERMERO');
Insert into U70591363Q.P_SANIT (P_SANIT_ID,P_SANIT_TYPE) values ('5460','ENFERMERO');
Insert into U70591363Q.P_SANIT (P_SANIT_ID,P_SANIT_TYPE) values ('9967','ENFERMERO');
Insert into U70591363Q.P_SANIT (P_SANIT_ID,P_SANIT_TYPE) values ('4317','ENFERMERO');
Insert into U70591363Q.P_SANIT (P_SANIT_ID,P_SANIT_TYPE) values ('6636','ENFERMERO');
Insert into U70591363Q.P_SANIT (P_SANIT_ID,P_SANIT_TYPE) values ('4890','ENFERMERO');
Insert into U70591363Q.P_SANIT (P_SANIT_ID,P_SANIT_TYPE) values ('1238','ENFERMERO');
Insert into U70591363Q.P_SANIT (P_SANIT_ID,P_SANIT_TYPE) values ('5289','ENFERMERO');
Insert into U70591363Q.P_SANIT (P_SANIT_ID,P_SANIT_TYPE) values ('4818','ENFERMERO');
Insert into U70591363Q.P_SANIT (P_SANIT_ID,P_SANIT_TYPE) values ('3609','ENFERMERO');
Insert into U70591363Q.P_SANIT (P_SANIT_ID,P_SANIT_TYPE) values ('4969','ENFERMERO');
Insert into U70591363Q.P_SANIT (P_SANIT_ID,P_SANIT_TYPE) values ('6367','ENFERMERO');
Insert into U70591363Q.P_SANIT (P_SANIT_ID,P_SANIT_TYPE) values ('2299','ENFERMERO');
Insert into U70591363Q.P_SANIT (P_SANIT_ID,P_SANIT_TYPE) values ('3782','ENFERMERO');
Insert into U70591363Q.P_SANIT (P_SANIT_ID,P_SANIT_TYPE) values ('3488','ENFERMERO');
Insert into U70591363Q.P_SANIT (P_SANIT_ID,P_SANIT_TYPE) values ('5578','ENFERMERO');
Insert into U70591363Q.P_SANIT (P_SANIT_ID,P_SANIT_TYPE) values ('9250','ENFERMERO');
Insert into U70591363Q.P_SANIT (P_SANIT_ID,P_SANIT_TYPE) values ('8120','ENFERMERO');
Insert into U70591363Q.P_SANIT (P_SANIT_ID,P_SANIT_TYPE) values ('9826','ENFERMERO');
Insert into U70591363Q.P_SANIT (P_SANIT_ID,P_SANIT_TYPE) values ('3199','ENFERMERO');
Insert into U70591363Q.P_SANIT (P_SANIT_ID,P_SANIT_TYPE) values ('2192','ENFERMERO');
Insert into U70591363Q.P_SANIT (P_SANIT_ID,P_SANIT_TYPE) values ('7644','ENFERMERO');
Insert into U70591363Q.P_SANIT (P_SANIT_ID,P_SANIT_TYPE) values ('9537','ENFERMERO');
Insert into U70591363Q.P_SANIT (P_SANIT_ID,P_SANIT_TYPE) values ('7357','ENFERMERO');
Insert into U70591363Q.P_SANIT (P_SANIT_ID,P_SANIT_TYPE) values ('3441','ENFERMERO');
REM INSERTING into U70591363Q.PACIENTE
SET DEFINE OFF;
Insert into U70591363Q.PACIENTE (DNI,NOMBRE_PAC,APELLIDO,FECHA_NACIMIENTO,HISTORIAL_MEDICO_N_REGISTRO) values ('41655013','Adrián','Juan',to_date('1977/06/09','RRRR/MM/DD'),'7988');
Insert into U70591363Q.PACIENTE (DNI,NOMBRE_PAC,APELLIDO,FECHA_NACIMIENTO,HISTORIAL_MEDICO_N_REGISTRO) values ('82806725','Aintzane','Marta',to_date('1964/10/15','RRRR/MM/DD'),'2477');
Insert into U70591363Q.PACIENTE (DNI,NOMBRE_PAC,APELLIDO,FECHA_NACIMIENTO,HISTORIAL_MEDICO_N_REGISTRO) values ('32162560','Daniel','Iván',to_date('2021/12/13','RRRR/MM/DD'),'560');
Insert into U70591363Q.PACIENTE (DNI,NOMBRE_PAC,APELLIDO,FECHA_NACIMIENTO,HISTORIAL_MEDICO_N_REGISTRO) values ('75520059','Iratxe','Raquel',to_date('1981/12/28','RRRR/MM/DD'),'8349');
Insert into U70591363Q.PACIENTE (DNI,NOMBRE_PAC,APELLIDO,FECHA_NACIMIENTO,HISTORIAL_MEDICO_N_REGISTRO) values ('68591249','Pedro','Noelia',to_date('2016/12/01','RRRR/MM/DD'),'3455');
Insert into U70591363Q.PACIENTE (DNI,NOMBRE_PAC,APELLIDO,FECHA_NACIMIENTO,HISTORIAL_MEDICO_N_REGISTRO) values ('68320523','Hodei','Ignacio',to_date('2007/03/02','RRRR/MM/DD'),'7534');
Insert into U70591363Q.PACIENTE (DNI,NOMBRE_PAC,APELLIDO,FECHA_NACIMIENTO,HISTORIAL_MEDICO_N_REGISTRO) values ('96756342','Óscar','Beatriz',to_date('1995/10/04','RRRR/MM/DD'),'7754');
Insert into U70591363Q.PACIENTE (DNI,NOMBRE_PAC,APELLIDO,FECHA_NACIMIENTO,HISTORIAL_MEDICO_N_REGISTRO) values ('52500391','Sofía','Manuel',to_date('1964/05/14','RRRR/MM/DD'),'4466');
Insert into U70591363Q.PACIENTE (DNI,NOMBRE_PAC,APELLIDO,FECHA_NACIMIENTO,HISTORIAL_MEDICO_N_REGISTRO) values ('51617040','Mateo','Iratxe',to_date('2020/04/29','RRRR/MM/DD'),'2163');
Insert into U70591363Q.PACIENTE (DNI,NOMBRE_PAC,APELLIDO,FECHA_NACIMIENTO,HISTORIAL_MEDICO_N_REGISTRO) values ('2662941','Lorenzo','Antonio',to_date('1963/09/14','RRRR/MM/DD'),'6107');
Insert into U70591363Q.PACIENTE (DNI,NOMBRE_PAC,APELLIDO,FECHA_NACIMIENTO,HISTORIAL_MEDICO_N_REGISTRO) values ('31056692','Manuel','Aitor',to_date('1995/07/19','RRRR/MM/DD'),'7150');
Insert into U70591363Q.PACIENTE (DNI,NOMBRE_PAC,APELLIDO,FECHA_NACIMIENTO,HISTORIAL_MEDICO_N_REGISTRO) values ('19884602','Maitane','Óscar',to_date('2000/03/27','RRRR/MM/DD'),'7144');
Insert into U70591363Q.PACIENTE (DNI,NOMBRE_PAC,APELLIDO,FECHA_NACIMIENTO,HISTORIAL_MEDICO_N_REGISTRO) values ('84981329','Enrique','Francisco',to_date('1987/03/27','RRRR/MM/DD'),'4937');
Insert into U70591363Q.PACIENTE (DNI,NOMBRE_PAC,APELLIDO,FECHA_NACIMIENTO,HISTORIAL_MEDICO_N_REGISTRO) values ('30687074','Cristina','Ana',to_date('2017/04/16','RRRR/MM/DD'),'2681');
Insert into U70591363Q.PACIENTE (DNI,NOMBRE_PAC,APELLIDO,FECHA_NACIMIENTO,HISTORIAL_MEDICO_N_REGISTRO) values ('72706330','Ainhoa','Alicia',to_date('1983/12/28','RRRR/MM/DD'),'4868');
Insert into U70591363Q.PACIENTE (DNI,NOMBRE_PAC,APELLIDO,FECHA_NACIMIENTO,HISTORIAL_MEDICO_N_REGISTRO) values ('97843511','Carlos','Santiago',to_date('1996/03/27','RRRR/MM/DD'),'9152');
Insert into U70591363Q.PACIENTE (DNI,NOMBRE_PAC,APELLIDO,FECHA_NACIMIENTO,HISTORIAL_MEDICO_N_REGISTRO) values ('10420790','Carla','Oscar',to_date('2022/11/18','RRRR/MM/DD'),'6359');
Insert into U70591363Q.PACIENTE (DNI,NOMBRE_PAC,APELLIDO,FECHA_NACIMIENTO,HISTORIAL_MEDICO_N_REGISTRO) values ('79479648','Oscar','Bruno',to_date('2023/06/08','RRRR/MM/DD'),'4339');
Insert into U70591363Q.PACIENTE (DNI,NOMBRE_PAC,APELLIDO,FECHA_NACIMIENTO,HISTORIAL_MEDICO_N_REGISTRO) values ('81540349','Unai','Lorenzo',to_date('1983/05/13','RRRR/MM/DD'),'9202');
Insert into U70591363Q.PACIENTE (DNI,NOMBRE_PAC,APELLIDO,FECHA_NACIMIENTO,HISTORIAL_MEDICO_N_REGISTRO) values ('69946545','Anton','Beatriz',to_date('2014/07/27','RRRR/MM/DD'),'1241');
Insert into U70591363Q.PACIENTE (DNI,NOMBRE_PAC,APELLIDO,FECHA_NACIMIENTO,HISTORIAL_MEDICO_N_REGISTRO) values ('97742976','Leire','Andrea',to_date('1978/04/07','RRRR/MM/DD'),'713');
Insert into U70591363Q.PACIENTE (DNI,NOMBRE_PAC,APELLIDO,FECHA_NACIMIENTO,HISTORIAL_MEDICO_N_REGISTRO) values ('70622683','Lorena','Josué',to_date('1961/09/04','RRRR/MM/DD'),'6606');
Insert into U70591363Q.PACIENTE (DNI,NOMBRE_PAC,APELLIDO,FECHA_NACIMIENTO,HISTORIAL_MEDICO_N_REGISTRO) values ('99320686','Mireia','Alejandra',to_date('2021/11/06','RRRR/MM/DD'),'7694');
Insert into U70591363Q.PACIENTE (DNI,NOMBRE_PAC,APELLIDO,FECHA_NACIMIENTO,HISTORIAL_MEDICO_N_REGISTRO) values ('13313679','Noelia','Sergio',to_date('1978/05/22','RRRR/MM/DD'),'4496');
Insert into U70591363Q.PACIENTE (DNI,NOMBRE_PAC,APELLIDO,FECHA_NACIMIENTO,HISTORIAL_MEDICO_N_REGISTRO) values ('26422702','Pello','Lorenzo',to_date('1977/02/02','RRRR/MM/DD'),'5207');
Insert into U70591363Q.PACIENTE (DNI,NOMBRE_PAC,APELLIDO,FECHA_NACIMIENTO,HISTORIAL_MEDICO_N_REGISTRO) values ('24931748','Eduardo','Gorka',to_date('1960/09/13','RRRR/MM/DD'),'4201');
Insert into U70591363Q.PACIENTE (DNI,NOMBRE_PAC,APELLIDO,FECHA_NACIMIENTO,HISTORIAL_MEDICO_N_REGISTRO) values ('87839141','José','Carlos',to_date('1983/05/25','RRRR/MM/DD'),'3245');
Insert into U70591363Q.PACIENTE (DNI,NOMBRE_PAC,APELLIDO,FECHA_NACIMIENTO,HISTORIAL_MEDICO_N_REGISTRO) values ('92156849','Marcos','Enrique',to_date('1967/11/07','RRRR/MM/DD'),'8924');
Insert into U70591363Q.PACIENTE (DNI,NOMBRE_PAC,APELLIDO,FECHA_NACIMIENTO,HISTORIAL_MEDICO_N_REGISTRO) values ('64303172','Gorka','Elena',to_date('2000/12/20','RRRR/MM/DD'),'362');
Insert into U70591363Q.PACIENTE (DNI,NOMBRE_PAC,APELLIDO,FECHA_NACIMIENTO,HISTORIAL_MEDICO_N_REGISTRO) values ('94647448','Jone','Nerea',to_date('1964/02/28','RRRR/MM/DD'),'5928');
Insert into U70591363Q.PACIENTE (DNI,NOMBRE_PAC,APELLIDO,FECHA_NACIMIENTO,HISTORIAL_MEDICO_N_REGISTRO) values ('55083230','Óscar','Mónica',to_date('1986/07/19','RRRR/MM/DD'),'6821');
Insert into U70591363Q.PACIENTE (DNI,NOMBRE_PAC,APELLIDO,FECHA_NACIMIENTO,HISTORIAL_MEDICO_N_REGISTRO) values ('13895906','Ander','Garikoitz',to_date('1987/09/11','RRRR/MM/DD'),'4422');
Insert into U70591363Q.PACIENTE (DNI,NOMBRE_PAC,APELLIDO,FECHA_NACIMIENTO,HISTORIAL_MEDICO_N_REGISTRO) values ('75206713','Samuel','Nora',to_date('1990/01/17','RRRR/MM/DD'),'8001');
Insert into U70591363Q.PACIENTE (DNI,NOMBRE_PAC,APELLIDO,FECHA_NACIMIENTO,HISTORIAL_MEDICO_N_REGISTRO) values ('23786626','Laura','José',to_date('2010/06/11','RRRR/MM/DD'),'7897');
Insert into U70591363Q.PACIENTE (DNI,NOMBRE_PAC,APELLIDO,FECHA_NACIMIENTO,HISTORIAL_MEDICO_N_REGISTRO) values ('86419116','Amaia','Alba',to_date('2022/05/03','RRRR/MM/DD'),'348');
Insert into U70591363Q.PACIENTE (DNI,NOMBRE_PAC,APELLIDO,FECHA_NACIMIENTO,HISTORIAL_MEDICO_N_REGISTRO) values ('45760178','Nekane','Valeria',to_date('1989/09/11','RRRR/MM/DD'),'7265');
Insert into U70591363Q.PACIENTE (DNI,NOMBRE_PAC,APELLIDO,FECHA_NACIMIENTO,HISTORIAL_MEDICO_N_REGISTRO) values ('5826058','Amaia','Gonzalo',to_date('1980/05/12','RRRR/MM/DD'),'4017');
Insert into U70591363Q.PACIENTE (DNI,NOMBRE_PAC,APELLIDO,FECHA_NACIMIENTO,HISTORIAL_MEDICO_N_REGISTRO) values ('92589996','Ander','Garikoitz',to_date('2017/03/29','RRRR/MM/DD'),'6336');
Insert into U70591363Q.PACIENTE (DNI,NOMBRE_PAC,APELLIDO,FECHA_NACIMIENTO,HISTORIAL_MEDICO_N_REGISTRO) values ('85622504','Silvia','Laura',to_date('1998/09/18','RRRR/MM/DD'),'863');
Insert into U70591363Q.PACIENTE (DNI,NOMBRE_PAC,APELLIDO,FECHA_NACIMIENTO,HISTORIAL_MEDICO_N_REGISTRO) values ('74985100','Belen','Nico',to_date('1975/08/20','RRRR/MM/DD'),'8597');
Insert into U70591363Q.PACIENTE (DNI,NOMBRE_PAC,APELLIDO,FECHA_NACIMIENTO,HISTORIAL_MEDICO_N_REGISTRO) values ('52867402','Rubén','Oihana',to_date('2021/12/21','RRRR/MM/DD'),'5712');
Insert into U70591363Q.PACIENTE (DNI,NOMBRE_PAC,APELLIDO,FECHA_NACIMIENTO,HISTORIAL_MEDICO_N_REGISTRO) values ('22921981','Nekane','Ane',to_date('2019/10/19','RRRR/MM/DD'),'140');
Insert into U70591363Q.PACIENTE (DNI,NOMBRE_PAC,APELLIDO,FECHA_NACIMIENTO,HISTORIAL_MEDICO_N_REGISTRO) values ('6905194','Naroa','Alain',to_date('1978/04/22','RRRR/MM/DD'),'7721');
Insert into U70591363Q.PACIENTE (DNI,NOMBRE_PAC,APELLIDO,FECHA_NACIMIENTO,HISTORIAL_MEDICO_N_REGISTRO) values ('5387946','Carlos','Iraia',to_date('1978/03/05','RRRR/MM/DD'),'3754');
Insert into U70591363Q.PACIENTE (DNI,NOMBRE_PAC,APELLIDO,FECHA_NACIMIENTO,HISTORIAL_MEDICO_N_REGISTRO) values ('59935049','Mireia','Carlos',to_date('1993/05/29','RRRR/MM/DD'),'4646');
Insert into U70591363Q.PACIENTE (DNI,NOMBRE_PAC,APELLIDO,FECHA_NACIMIENTO,HISTORIAL_MEDICO_N_REGISTRO) values ('83554762','Santiago','Pello',to_date('2020/06/16','RRRR/MM/DD'),'9605');
Insert into U70591363Q.PACIENTE (DNI,NOMBRE_PAC,APELLIDO,FECHA_NACIMIENTO,HISTORIAL_MEDICO_N_REGISTRO) values ('30180226','Clara','Lidia',to_date('2002/10/20','RRRR/MM/DD'),'3239');
Insert into U70591363Q.PACIENTE (DNI,NOMBRE_PAC,APELLIDO,FECHA_NACIMIENTO,HISTORIAL_MEDICO_N_REGISTRO) values ('60189181','Pello','Julia',to_date('2023/06/05','RRRR/MM/DD'),'9417');
Insert into U70591363Q.PACIENTE (DNI,NOMBRE_PAC,APELLIDO,FECHA_NACIMIENTO,HISTORIAL_MEDICO_N_REGISTRO) values ('83249512','Judit','Lucía',to_date('1967/06/05','RRRR/MM/DD'),'7412');
Insert into U70591363Q.PACIENTE (DNI,NOMBRE_PAC,APELLIDO,FECHA_NACIMIENTO,HISTORIAL_MEDICO_N_REGISTRO) values ('40383823','Naroa','Lorena',to_date('2003/05/06','RRRR/MM/DD'),'2907');
Insert into U70591363Q.PACIENTE (DNI,NOMBRE_PAC,APELLIDO,FECHA_NACIMIENTO,HISTORIAL_MEDICO_N_REGISTRO) values ('10462252','Izaskun','Mateo',to_date('2000/07/03','RRRR/MM/DD'),'7853');
REM INSERTING into U70591363Q.FAM_MEDIC
SET DEFINE OFF;
Insert into U70591363Q.FAM_MEDIC (FAMILIA_MEDICAMENTO,MEDIC_C_NACIONAL) values ('Antidep','6213');
Insert into U70591363Q.FAM_MEDIC (FAMILIA_MEDICAMENTO,MEDIC_C_NACIONAL) values ('Analgesico','743');
Insert into U70591363Q.FAM_MEDIC (FAMILIA_MEDICAMENTO,MEDIC_C_NACIONAL) values ('Antidep','7657');
Insert into U70591363Q.FAM_MEDIC (FAMILIA_MEDICAMENTO,MEDIC_C_NACIONAL) values ('Antiinflam','5772');
Insert into U70591363Q.FAM_MEDIC (FAMILIA_MEDICAMENTO,MEDIC_C_NACIONAL) values ('Anticoag','2861');
Insert into U70591363Q.FAM_MEDIC (FAMILIA_MEDICAMENTO,MEDIC_C_NACIONAL) values ('Antihistam','7666');
Insert into U70591363Q.FAM_MEDIC (FAMILIA_MEDICAMENTO,MEDIC_C_NACIONAL) values ('Antihistam','2643');
Insert into U70591363Q.FAM_MEDIC (FAMILIA_MEDICAMENTO,MEDIC_C_NACIONAL) values ('Analgesico','6994');
Insert into U70591363Q.FAM_MEDIC (FAMILIA_MEDICAMENTO,MEDIC_C_NACIONAL) values ('Anticoag','4931');
Insert into U70591363Q.FAM_MEDIC (FAMILIA_MEDICAMENTO,MEDIC_C_NACIONAL) values ('Anticoag','647');
Insert into U70591363Q.FAM_MEDIC (FAMILIA_MEDICAMENTO,MEDIC_C_NACIONAL) values ('Antidep','1647');
Insert into U70591363Q.FAM_MEDIC (FAMILIA_MEDICAMENTO,MEDIC_C_NACIONAL) values ('Antihistam','6109');
Insert into U70591363Q.FAM_MEDIC (FAMILIA_MEDICAMENTO,MEDIC_C_NACIONAL) values ('Antihistam','8049');
Insert into U70591363Q.FAM_MEDIC (FAMILIA_MEDICAMENTO,MEDIC_C_NACIONAL) values ('Anticoag','3156');
Insert into U70591363Q.FAM_MEDIC (FAMILIA_MEDICAMENTO,MEDIC_C_NACIONAL) values ('Antibiotico','1827');
Insert into U70591363Q.FAM_MEDIC (FAMILIA_MEDICAMENTO,MEDIC_C_NACIONAL) values ('Antibiotico','1802');
Insert into U70591363Q.FAM_MEDIC (FAMILIA_MEDICAMENTO,MEDIC_C_NACIONAL) values ('Antibiotico','694');
Insert into U70591363Q.FAM_MEDIC (FAMILIA_MEDICAMENTO,MEDIC_C_NACIONAL) values ('Antibiotico','8395');
Insert into U70591363Q.FAM_MEDIC (FAMILIA_MEDICAMENTO,MEDIC_C_NACIONAL) values ('Antihistam','9120');
Insert into U70591363Q.FAM_MEDIC (FAMILIA_MEDICAMENTO,MEDIC_C_NACIONAL) values ('Antibiotico','8672');
Insert into U70591363Q.FAM_MEDIC (FAMILIA_MEDICAMENTO,MEDIC_C_NACIONAL) values ('Analgesico','6585');
Insert into U70591363Q.FAM_MEDIC (FAMILIA_MEDICAMENTO,MEDIC_C_NACIONAL) values ('Antihistam','538');
Insert into U70591363Q.FAM_MEDIC (FAMILIA_MEDICAMENTO,MEDIC_C_NACIONAL) values ('Antihistam','562');
Insert into U70591363Q.FAM_MEDIC (FAMILIA_MEDICAMENTO,MEDIC_C_NACIONAL) values ('Antidep','1904');
Insert into U70591363Q.FAM_MEDIC (FAMILIA_MEDICAMENTO,MEDIC_C_NACIONAL) values ('Antidep','7973');
Insert into U70591363Q.FAM_MEDIC (FAMILIA_MEDICAMENTO,MEDIC_C_NACIONAL) values ('Analgesico','4864');
Insert into U70591363Q.FAM_MEDIC (FAMILIA_MEDICAMENTO,MEDIC_C_NACIONAL) values ('Antidep','8918');
Insert into U70591363Q.FAM_MEDIC (FAMILIA_MEDICAMENTO,MEDIC_C_NACIONAL) values ('Anticoag','9621');
Insert into U70591363Q.FAM_MEDIC (FAMILIA_MEDICAMENTO,MEDIC_C_NACIONAL) values ('Antihistam','8504');
Insert into U70591363Q.FAM_MEDIC (FAMILIA_MEDICAMENTO,MEDIC_C_NACIONAL) values ('Antidep','1258');
Insert into U70591363Q.FAM_MEDIC (FAMILIA_MEDICAMENTO,MEDIC_C_NACIONAL) values ('Antibiotico','5137');
Insert into U70591363Q.FAM_MEDIC (FAMILIA_MEDICAMENTO,MEDIC_C_NACIONAL) values ('Antihistam','317');
Insert into U70591363Q.FAM_MEDIC (FAMILIA_MEDICAMENTO,MEDIC_C_NACIONAL) values ('Anticoag','2210');
Insert into U70591363Q.FAM_MEDIC (FAMILIA_MEDICAMENTO,MEDIC_C_NACIONAL) values ('Antibiotico','4175');
Insert into U70591363Q.FAM_MEDIC (FAMILIA_MEDICAMENTO,MEDIC_C_NACIONAL) values ('Anticoag','4812');
Insert into U70591363Q.FAM_MEDIC (FAMILIA_MEDICAMENTO,MEDIC_C_NACIONAL) values ('Antiinflam','4675');
Insert into U70591363Q.FAM_MEDIC (FAMILIA_MEDICAMENTO,MEDIC_C_NACIONAL) values ('Antibiotico','9622');
Insert into U70591363Q.FAM_MEDIC (FAMILIA_MEDICAMENTO,MEDIC_C_NACIONAL) values ('Antihistam','9030');
Insert into U70591363Q.FAM_MEDIC (FAMILIA_MEDICAMENTO,MEDIC_C_NACIONAL) values ('Antihistam','3312');
Insert into U70591363Q.FAM_MEDIC (FAMILIA_MEDICAMENTO,MEDIC_C_NACIONAL) values ('Antihistam','5610');
Insert into U70591363Q.FAM_MEDIC (FAMILIA_MEDICAMENTO,MEDIC_C_NACIONAL) values ('Antiinflam','6710');
Insert into U70591363Q.FAM_MEDIC (FAMILIA_MEDICAMENTO,MEDIC_C_NACIONAL) values ('Anticoag','9599');
Insert into U70591363Q.FAM_MEDIC (FAMILIA_MEDICAMENTO,MEDIC_C_NACIONAL) values ('Anticoag','495');
Insert into U70591363Q.FAM_MEDIC (FAMILIA_MEDICAMENTO,MEDIC_C_NACIONAL) values ('Antihistam','4008');
Insert into U70591363Q.FAM_MEDIC (FAMILIA_MEDICAMENTO,MEDIC_C_NACIONAL) values ('Antidep','9211');
Insert into U70591363Q.FAM_MEDIC (FAMILIA_MEDICAMENTO,MEDIC_C_NACIONAL) values ('Analgesico','4160');
Insert into U70591363Q.FAM_MEDIC (FAMILIA_MEDICAMENTO,MEDIC_C_NACIONAL) values ('Analgesico','7088');
Insert into U70591363Q.FAM_MEDIC (FAMILIA_MEDICAMENTO,MEDIC_C_NACIONAL) values ('Anticoag','404');
Insert into U70591363Q.FAM_MEDIC (FAMILIA_MEDICAMENTO,MEDIC_C_NACIONAL) values ('Analgesico','4403');
Insert into U70591363Q.FAM_MEDIC (FAMILIA_MEDICAMENTO,MEDIC_C_NACIONAL) values ('Antidep','6962');
Insert into U70591363Q.FAM_MEDIC (FAMILIA_MEDICAMENTO,MEDIC_C_NACIONAL) values ('Antidep','9452');
REM INSERTING into U70591363Q.PAC_ENF
SET DEFINE OFF;
Insert into U70591363Q.PAC_ENF (PACIENTE_DNI,ENFDAD_CIE10,DURACION) values ('41655013','5850','835');
Insert into U70591363Q.PAC_ENF (PACIENTE_DNI,ENFDAD_CIE10,DURACION) values ('82806725','7080','217');
Insert into U70591363Q.PAC_ENF (PACIENTE_DNI,ENFDAD_CIE10,DURACION) values ('32162560','1958','87');
Insert into U70591363Q.PAC_ENF (PACIENTE_DNI,ENFDAD_CIE10,DURACION) values ('75520059','8043','368');
Insert into U70591363Q.PAC_ENF (PACIENTE_DNI,ENFDAD_CIE10,DURACION) values ('68591249','9507','477');
Insert into U70591363Q.PAC_ENF (PACIENTE_DNI,ENFDAD_CIE10,DURACION) values ('68320523','4915','967');
Insert into U70591363Q.PAC_ENF (PACIENTE_DNI,ENFDAD_CIE10,DURACION) values ('96756342','2620','902');
Insert into U70591363Q.PAC_ENF (PACIENTE_DNI,ENFDAD_CIE10,DURACION) values ('52500391','2652','611');
Insert into U70591363Q.PAC_ENF (PACIENTE_DNI,ENFDAD_CIE10,DURACION) values ('51617040','5305','70');
Insert into U70591363Q.PAC_ENF (PACIENTE_DNI,ENFDAD_CIE10,DURACION) values ('2662941','1367','120');
Insert into U70591363Q.PAC_ENF (PACIENTE_DNI,ENFDAD_CIE10,DURACION) values ('31056692','4221','811');
Insert into U70591363Q.PAC_ENF (PACIENTE_DNI,ENFDAD_CIE10,DURACION) values ('19884602','7944','491');
Insert into U70591363Q.PAC_ENF (PACIENTE_DNI,ENFDAD_CIE10,DURACION) values ('84981329','1552','1');
Insert into U70591363Q.PAC_ENF (PACIENTE_DNI,ENFDAD_CIE10,DURACION) values ('30687074','4922','13');
Insert into U70591363Q.PAC_ENF (PACIENTE_DNI,ENFDAD_CIE10,DURACION) values ('72706330','7008','865');
Insert into U70591363Q.PAC_ENF (PACIENTE_DNI,ENFDAD_CIE10,DURACION) values ('97843511','172','760');
Insert into U70591363Q.PAC_ENF (PACIENTE_DNI,ENFDAD_CIE10,DURACION) values ('10420790','3572','779');
Insert into U70591363Q.PAC_ENF (PACIENTE_DNI,ENFDAD_CIE10,DURACION) values ('79479648','8942','698');
Insert into U70591363Q.PAC_ENF (PACIENTE_DNI,ENFDAD_CIE10,DURACION) values ('81540349','9461','92');
Insert into U70591363Q.PAC_ENF (PACIENTE_DNI,ENFDAD_CIE10,DURACION) values ('69946545','8379','160');
Insert into U70591363Q.PAC_ENF (PACIENTE_DNI,ENFDAD_CIE10,DURACION) values ('97742976','4435','55');
Insert into U70591363Q.PAC_ENF (PACIENTE_DNI,ENFDAD_CIE10,DURACION) values ('70622683','4990','342');
Insert into U70591363Q.PAC_ENF (PACIENTE_DNI,ENFDAD_CIE10,DURACION) values ('99320686','9305','165');
Insert into U70591363Q.PAC_ENF (PACIENTE_DNI,ENFDAD_CIE10,DURACION) values ('13313679','7411','648');
Insert into U70591363Q.PAC_ENF (PACIENTE_DNI,ENFDAD_CIE10,DURACION) values ('26422702','4017','978');
Insert into U70591363Q.PAC_ENF (PACIENTE_DNI,ENFDAD_CIE10,DURACION) values ('24931748','7188','123');
Insert into U70591363Q.PAC_ENF (PACIENTE_DNI,ENFDAD_CIE10,DURACION) values ('87839141','593','52');
Insert into U70591363Q.PAC_ENF (PACIENTE_DNI,ENFDAD_CIE10,DURACION) values ('92156849','6603','87');
Insert into U70591363Q.PAC_ENF (PACIENTE_DNI,ENFDAD_CIE10,DURACION) values ('64303172','2205','892');
Insert into U70591363Q.PAC_ENF (PACIENTE_DNI,ENFDAD_CIE10,DURACION) values ('94647448','3144','312');
Insert into U70591363Q.PAC_ENF (PACIENTE_DNI,ENFDAD_CIE10,DURACION) values ('55083230','4127','614');
Insert into U70591363Q.PAC_ENF (PACIENTE_DNI,ENFDAD_CIE10,DURACION) values ('13895906','6112','253');
Insert into U70591363Q.PAC_ENF (PACIENTE_DNI,ENFDAD_CIE10,DURACION) values ('75206713','4382','139');
Insert into U70591363Q.PAC_ENF (PACIENTE_DNI,ENFDAD_CIE10,DURACION) values ('23786626','6771','854');
Insert into U70591363Q.PAC_ENF (PACIENTE_DNI,ENFDAD_CIE10,DURACION) values ('86419116','2785','584');
Insert into U70591363Q.PAC_ENF (PACIENTE_DNI,ENFDAD_CIE10,DURACION) values ('45760178','8721','204');
Insert into U70591363Q.PAC_ENF (PACIENTE_DNI,ENFDAD_CIE10,DURACION) values ('5826058','1744','62');
Insert into U70591363Q.PAC_ENF (PACIENTE_DNI,ENFDAD_CIE10,DURACION) values ('92589996','290','266');
Insert into U70591363Q.PAC_ENF (PACIENTE_DNI,ENFDAD_CIE10,DURACION) values ('85622504','1138','137');
Insert into U70591363Q.PAC_ENF (PACIENTE_DNI,ENFDAD_CIE10,DURACION) values ('74985100','1951','84');
Insert into U70591363Q.PAC_ENF (PACIENTE_DNI,ENFDAD_CIE10,DURACION) values ('52867402','8059','900');
Insert into U70591363Q.PAC_ENF (PACIENTE_DNI,ENFDAD_CIE10,DURACION) values ('22921981','9356','942');
Insert into U70591363Q.PAC_ENF (PACIENTE_DNI,ENFDAD_CIE10,DURACION) values ('6905194','1946','223');
Insert into U70591363Q.PAC_ENF (PACIENTE_DNI,ENFDAD_CIE10,DURACION) values ('5387946','1246','44');
Insert into U70591363Q.PAC_ENF (PACIENTE_DNI,ENFDAD_CIE10,DURACION) values ('59935049','8436','780');
Insert into U70591363Q.PAC_ENF (PACIENTE_DNI,ENFDAD_CIE10,DURACION) values ('83554762','4596','707');
Insert into U70591363Q.PAC_ENF (PACIENTE_DNI,ENFDAD_CIE10,DURACION) values ('30180226','2440','982');
Insert into U70591363Q.PAC_ENF (PACIENTE_DNI,ENFDAD_CIE10,DURACION) values ('60189181','9974','902');
Insert into U70591363Q.PAC_ENF (PACIENTE_DNI,ENFDAD_CIE10,DURACION) values ('83249512','5963','738');
Insert into U70591363Q.PAC_ENF (PACIENTE_DNI,ENFDAD_CIE10,DURACION) values ('40383823','4281','56');
Insert into U70591363Q.PAC_ENF (PACIENTE_DNI,ENFDAD_CIE10,DURACION) values ('10462252','3998','603');
REM INSERTING into U70591363Q.CITA
SET DEFINE OFF;
Insert into U70591363Q.CITA (FECHA,HORA,PACIENTE_DNI,CONSULTA_NUMERO,CONSULTA_PLANTA,P_SANIT_P_SANIT_ID) values (to_date('1962/10/25','RRRR/MM/DD'),to_date('2023/04/01','RRRR/MM/DD'),'41655013','71','4','2192');
Insert into U70591363Q.CITA (FECHA,HORA,PACIENTE_DNI,CONSULTA_NUMERO,CONSULTA_PLANTA,P_SANIT_P_SANIT_ID) values (to_date('1994/06/19','RRRR/MM/DD'),to_date('2023/04/01','RRRR/MM/DD'),'82806725','14','5','2192');
Insert into U70591363Q.CITA (FECHA,HORA,PACIENTE_DNI,CONSULTA_NUMERO,CONSULTA_PLANTA,P_SANIT_P_SANIT_ID) values (to_date('1974/06/10','RRRR/MM/DD'),to_date('2023/04/01','RRRR/MM/DD'),'32162560','21','0','2192');
Insert into U70591363Q.CITA (FECHA,HORA,PACIENTE_DNI,CONSULTA_NUMERO,CONSULTA_PLANTA,P_SANIT_P_SANIT_ID) values (to_date('2010/03/20','RRRR/MM/DD'),to_date('2023/04/01','RRRR/MM/DD'),'75520059','15','8','2192');
Insert into U70591363Q.CITA (FECHA,HORA,PACIENTE_DNI,CONSULTA_NUMERO,CONSULTA_PLANTA,P_SANIT_P_SANIT_ID) values (to_date('1975/08/06','RRRR/MM/DD'),to_date('2023/04/01','RRRR/MM/DD'),'68591249','38','0','2192');
Insert into U70591363Q.CITA (FECHA,HORA,PACIENTE_DNI,CONSULTA_NUMERO,CONSULTA_PLANTA,P_SANIT_P_SANIT_ID) values (to_date('2009/09/22','RRRR/MM/DD'),to_date('2023/04/01','RRRR/MM/DD'),'68320523','82','3','2192');
Insert into U70591363Q.CITA (FECHA,HORA,PACIENTE_DNI,CONSULTA_NUMERO,CONSULTA_PLANTA,P_SANIT_P_SANIT_ID) values (to_date('2010/09/18','RRRR/MM/DD'),to_date('2023/04/01','RRRR/MM/DD'),'96756342','17','8','2192');
Insert into U70591363Q.CITA (FECHA,HORA,PACIENTE_DNI,CONSULTA_NUMERO,CONSULTA_PLANTA,P_SANIT_P_SANIT_ID) values (to_date('1990/08/11','RRRR/MM/DD'),to_date('2023/04/01','RRRR/MM/DD'),'52500391','83','6','2192');
Insert into U70591363Q.CITA (FECHA,HORA,PACIENTE_DNI,CONSULTA_NUMERO,CONSULTA_PLANTA,P_SANIT_P_SANIT_ID) values (to_date('1993/06/29','RRRR/MM/DD'),to_date('2023/04/01','RRRR/MM/DD'),'51617040','28','7','2192');
Insert into U70591363Q.CITA (FECHA,HORA,PACIENTE_DNI,CONSULTA_NUMERO,CONSULTA_PLANTA,P_SANIT_P_SANIT_ID) values (to_date('1998/07/25','RRRR/MM/DD'),to_date('2023/04/01','RRRR/MM/DD'),'2662941','4','9','2192');
Insert into U70591363Q.CITA (FECHA,HORA,PACIENTE_DNI,CONSULTA_NUMERO,CONSULTA_PLANTA,P_SANIT_P_SANIT_ID) values (to_date('1990/01/27','RRRR/MM/DD'),to_date('2023/04/01','RRRR/MM/DD'),'31056692','41','2','2192');
Insert into U70591363Q.CITA (FECHA,HORA,PACIENTE_DNI,CONSULTA_NUMERO,CONSULTA_PLANTA,P_SANIT_P_SANIT_ID) values (to_date('2012/02/01','RRRR/MM/DD'),to_date('2023/04/01','RRRR/MM/DD'),'19884602','87','9','2192');
Insert into U70591363Q.CITA (FECHA,HORA,PACIENTE_DNI,CONSULTA_NUMERO,CONSULTA_PLANTA,P_SANIT_P_SANIT_ID) values (to_date('1997/12/29','RRRR/MM/DD'),to_date('2023/04/01','RRRR/MM/DD'),'84981329','89','7','2192');
Insert into U70591363Q.CITA (FECHA,HORA,PACIENTE_DNI,CONSULTA_NUMERO,CONSULTA_PLANTA,P_SANIT_P_SANIT_ID) values (to_date('1988/03/07','RRRR/MM/DD'),to_date('2023/04/01','RRRR/MM/DD'),'30687074','17','1','2192');
Insert into U70591363Q.CITA (FECHA,HORA,PACIENTE_DNI,CONSULTA_NUMERO,CONSULTA_PLANTA,P_SANIT_P_SANIT_ID) values (to_date('2002/05/13','RRRR/MM/DD'),to_date('2023/04/01','RRRR/MM/DD'),'72706330','26','5','2192');
Insert into U70591363Q.CITA (FECHA,HORA,PACIENTE_DNI,CONSULTA_NUMERO,CONSULTA_PLANTA,P_SANIT_P_SANIT_ID) values (to_date('1997/11/26','RRRR/MM/DD'),to_date('2023/04/01','RRRR/MM/DD'),'97843511','63','10','2192');
Insert into U70591363Q.CITA (FECHA,HORA,PACIENTE_DNI,CONSULTA_NUMERO,CONSULTA_PLANTA,P_SANIT_P_SANIT_ID) values (to_date('1979/04/07','RRRR/MM/DD'),to_date('2023/04/01','RRRR/MM/DD'),'10420790','33','8','2192');
Insert into U70591363Q.CITA (FECHA,HORA,PACIENTE_DNI,CONSULTA_NUMERO,CONSULTA_PLANTA,P_SANIT_P_SANIT_ID) values (to_date('2009/10/16','RRRR/MM/DD'),to_date('2023/04/01','RRRR/MM/DD'),'79479648','49','1','2192');
Insert into U70591363Q.CITA (FECHA,HORA,PACIENTE_DNI,CONSULTA_NUMERO,CONSULTA_PLANTA,P_SANIT_P_SANIT_ID) values (to_date('2000/02/08','RRRR/MM/DD'),to_date('2023/04/01','RRRR/MM/DD'),'81540349','31','4','2192');
Insert into U70591363Q.CITA (FECHA,HORA,PACIENTE_DNI,CONSULTA_NUMERO,CONSULTA_PLANTA,P_SANIT_P_SANIT_ID) values (to_date('2010/12/06','RRRR/MM/DD'),to_date('2023/04/01','RRRR/MM/DD'),'69946545','83','2','2192');
Insert into U70591363Q.CITA (FECHA,HORA,PACIENTE_DNI,CONSULTA_NUMERO,CONSULTA_PLANTA,P_SANIT_P_SANIT_ID) values (to_date('1995/09/25','RRRR/MM/DD'),to_date('2023/04/01','RRRR/MM/DD'),'97742976','34','10','2192');
Insert into U70591363Q.CITA (FECHA,HORA,PACIENTE_DNI,CONSULTA_NUMERO,CONSULTA_PLANTA,P_SANIT_P_SANIT_ID) values (to_date('2016/06/27','RRRR/MM/DD'),to_date('2023/04/01','RRRR/MM/DD'),'70622683','18','9','2192');
Insert into U70591363Q.CITA (FECHA,HORA,PACIENTE_DNI,CONSULTA_NUMERO,CONSULTA_PLANTA,P_SANIT_P_SANIT_ID) values (to_date('2013/03/11','RRRR/MM/DD'),to_date('2023/04/01','RRRR/MM/DD'),'99320686','7','1','2192');
Insert into U70591363Q.CITA (FECHA,HORA,PACIENTE_DNI,CONSULTA_NUMERO,CONSULTA_PLANTA,P_SANIT_P_SANIT_ID) values (to_date('1974/10/29','RRRR/MM/DD'),to_date('2023/04/01','RRRR/MM/DD'),'13313679','68','9','2192');
Insert into U70591363Q.CITA (FECHA,HORA,PACIENTE_DNI,CONSULTA_NUMERO,CONSULTA_PLANTA,P_SANIT_P_SANIT_ID) values (to_date('1991/02/27','RRRR/MM/DD'),to_date('2023/04/01','RRRR/MM/DD'),'26422702','91','3','2192');
Insert into U70591363Q.CITA (FECHA,HORA,PACIENTE_DNI,CONSULTA_NUMERO,CONSULTA_PLANTA,P_SANIT_P_SANIT_ID) values (to_date('1970/09/28','RRRR/MM/DD'),to_date('2023/04/01','RRRR/MM/DD'),'24931748','34','0','2192');
Insert into U70591363Q.CITA (FECHA,HORA,PACIENTE_DNI,CONSULTA_NUMERO,CONSULTA_PLANTA,P_SANIT_P_SANIT_ID) values (to_date('1995/05/14','RRRR/MM/DD'),to_date('2023/04/01','RRRR/MM/DD'),'87839141','76','2','2192');
Insert into U70591363Q.CITA (FECHA,HORA,PACIENTE_DNI,CONSULTA_NUMERO,CONSULTA_PLANTA,P_SANIT_P_SANIT_ID) values (to_date('1993/10/14','RRRR/MM/DD'),to_date('2023/04/01','RRRR/MM/DD'),'92156849','66','8','2192');
Insert into U70591363Q.CITA (FECHA,HORA,PACIENTE_DNI,CONSULTA_NUMERO,CONSULTA_PLANTA,P_SANIT_P_SANIT_ID) values (to_date('1961/07/10','RRRR/MM/DD'),to_date('2023/04/01','RRRR/MM/DD'),'64303172','30','6','2192');
Insert into U70591363Q.CITA (FECHA,HORA,PACIENTE_DNI,CONSULTA_NUMERO,CONSULTA_PLANTA,P_SANIT_P_SANIT_ID) values (to_date('2008/07/15','RRRR/MM/DD'),to_date('2023/04/01','RRRR/MM/DD'),'94647448','77','9','2192');
Insert into U70591363Q.CITA (FECHA,HORA,PACIENTE_DNI,CONSULTA_NUMERO,CONSULTA_PLANTA,P_SANIT_P_SANIT_ID) values (to_date('2014/12/09','RRRR/MM/DD'),to_date('2023/04/01','RRRR/MM/DD'),'55083230','31','4','2192');
Insert into U70591363Q.CITA (FECHA,HORA,PACIENTE_DNI,CONSULTA_NUMERO,CONSULTA_PLANTA,P_SANIT_P_SANIT_ID) values (to_date('2020/10/01','RRRR/MM/DD'),to_date('2023/04/01','RRRR/MM/DD'),'13895906','65','8','2192');
Insert into U70591363Q.CITA (FECHA,HORA,PACIENTE_DNI,CONSULTA_NUMERO,CONSULTA_PLANTA,P_SANIT_P_SANIT_ID) values (to_date('1979/08/23','RRRR/MM/DD'),to_date('2023/04/01','RRRR/MM/DD'),'75206713','62','7','2192');
Insert into U70591363Q.CITA (FECHA,HORA,PACIENTE_DNI,CONSULTA_NUMERO,CONSULTA_PLANTA,P_SANIT_P_SANIT_ID) values (to_date('1968/11/01','RRRR/MM/DD'),to_date('2023/04/01','RRRR/MM/DD'),'23786626','16','4','2192');
Insert into U70591363Q.CITA (FECHA,HORA,PACIENTE_DNI,CONSULTA_NUMERO,CONSULTA_PLANTA,P_SANIT_P_SANIT_ID) values (to_date('1983/02/09','RRRR/MM/DD'),to_date('2023/04/01','RRRR/MM/DD'),'86419116','89','7','2192');
Insert into U70591363Q.CITA (FECHA,HORA,PACIENTE_DNI,CONSULTA_NUMERO,CONSULTA_PLANTA,P_SANIT_P_SANIT_ID) values (to_date('2011/03/22','RRRR/MM/DD'),to_date('2023/04/01','RRRR/MM/DD'),'45760178','53','2','2192');
Insert into U70591363Q.CITA (FECHA,HORA,PACIENTE_DNI,CONSULTA_NUMERO,CONSULTA_PLANTA,P_SANIT_P_SANIT_ID) values (to_date('2016/07/23','RRRR/MM/DD'),to_date('2023/04/01','RRRR/MM/DD'),'5826058','80','1','2192');
Insert into U70591363Q.CITA (FECHA,HORA,PACIENTE_DNI,CONSULTA_NUMERO,CONSULTA_PLANTA,P_SANIT_P_SANIT_ID) values (to_date('1984/09/19','RRRR/MM/DD'),to_date('2023/04/01','RRRR/MM/DD'),'92589996','81','9','2192');
Insert into U70591363Q.CITA (FECHA,HORA,PACIENTE_DNI,CONSULTA_NUMERO,CONSULTA_PLANTA,P_SANIT_P_SANIT_ID) values (to_date('1997/12/21','RRRR/MM/DD'),to_date('2023/04/01','RRRR/MM/DD'),'85622504','81','3','2192');
Insert into U70591363Q.CITA (FECHA,HORA,PACIENTE_DNI,CONSULTA_NUMERO,CONSULTA_PLANTA,P_SANIT_P_SANIT_ID) values (to_date('1967/04/12','RRRR/MM/DD'),to_date('2023/04/01','RRRR/MM/DD'),'74985100','27','0','2192');
Insert into U70591363Q.CITA (FECHA,HORA,PACIENTE_DNI,CONSULTA_NUMERO,CONSULTA_PLANTA,P_SANIT_P_SANIT_ID) values (to_date('1991/08/07','RRRR/MM/DD'),to_date('2023/04/01','RRRR/MM/DD'),'52867402','5','2','2192');
Insert into U70591363Q.CITA (FECHA,HORA,PACIENTE_DNI,CONSULTA_NUMERO,CONSULTA_PLANTA,P_SANIT_P_SANIT_ID) values (to_date('1999/04/21','RRRR/MM/DD'),to_date('2023/04/01','RRRR/MM/DD'),'22921981','61','10','2192');
Insert into U70591363Q.CITA (FECHA,HORA,PACIENTE_DNI,CONSULTA_NUMERO,CONSULTA_PLANTA,P_SANIT_P_SANIT_ID) values (to_date('2011/04/06','RRRR/MM/DD'),to_date('2023/04/01','RRRR/MM/DD'),'6905194','61','8','2192');
Insert into U70591363Q.CITA (FECHA,HORA,PACIENTE_DNI,CONSULTA_NUMERO,CONSULTA_PLANTA,P_SANIT_P_SANIT_ID) values (to_date('1979/09/20','RRRR/MM/DD'),to_date('2023/04/01','RRRR/MM/DD'),'5387946','7','1','2192');
Insert into U70591363Q.CITA (FECHA,HORA,PACIENTE_DNI,CONSULTA_NUMERO,CONSULTA_PLANTA,P_SANIT_P_SANIT_ID) values (to_date('1968/12/15','RRRR/MM/DD'),to_date('2023/04/01','RRRR/MM/DD'),'59935049','77','5','2192');
Insert into U70591363Q.CITA (FECHA,HORA,PACIENTE_DNI,CONSULTA_NUMERO,CONSULTA_PLANTA,P_SANIT_P_SANIT_ID) values (to_date('2006/02/21','RRRR/MM/DD'),to_date('2023/04/01','RRRR/MM/DD'),'83554762','25','8','2192');
Insert into U70591363Q.CITA (FECHA,HORA,PACIENTE_DNI,CONSULTA_NUMERO,CONSULTA_PLANTA,P_SANIT_P_SANIT_ID) values (to_date('1998/12/06','RRRR/MM/DD'),to_date('2023/04/01','RRRR/MM/DD'),'30180226','86','2','2192');
Insert into U70591363Q.CITA (FECHA,HORA,PACIENTE_DNI,CONSULTA_NUMERO,CONSULTA_PLANTA,P_SANIT_P_SANIT_ID) values (to_date('1994/05/28','RRRR/MM/DD'),to_date('2023/04/01','RRRR/MM/DD'),'60189181','22','7','2192');
Insert into U70591363Q.CITA (FECHA,HORA,PACIENTE_DNI,CONSULTA_NUMERO,CONSULTA_PLANTA,P_SANIT_P_SANIT_ID) values (to_date('1991/04/07','RRRR/MM/DD'),to_date('2023/04/01','RRRR/MM/DD'),'83249512','38','9','2192');
Insert into U70591363Q.CITA (FECHA,HORA,PACIENTE_DNI,CONSULTA_NUMERO,CONSULTA_PLANTA,P_SANIT_P_SANIT_ID) values (to_date('1966/04/27','RRRR/MM/DD'),to_date('2023/04/01','RRRR/MM/DD'),'40383823','96','10','2192');
Insert into U70591363Q.CITA (FECHA,HORA,PACIENTE_DNI,CONSULTA_NUMERO,CONSULTA_PLANTA,P_SANIT_P_SANIT_ID) values (to_date('2007/02/10','RRRR/MM/DD'),to_date('2023/04/01','RRRR/MM/DD'),'10462252','24','3','2192');
REM INSERTING into U70591363Q.ENFERMERO
SET DEFINE OFF;
Insert into U70591363Q.ENFERMERO (P_SANIT_P_SANIT_ID,CODIGO,TURNO) values ('5497','61','0');
Insert into U70591363Q.ENFERMERO (P_SANIT_P_SANIT_ID,CODIGO,TURNO) values ('5460','70','0');
Insert into U70591363Q.ENFERMERO (P_SANIT_P_SANIT_ID,CODIGO,TURNO) values ('9967','93','1');
Insert into U70591363Q.ENFERMERO (P_SANIT_P_SANIT_ID,CODIGO,TURNO) values ('4317','70','1');
Insert into U70591363Q.ENFERMERO (P_SANIT_P_SANIT_ID,CODIGO,TURNO) values ('1238','22','0');
Insert into U70591363Q.ENFERMERO (P_SANIT_P_SANIT_ID,CODIGO,TURNO) values ('5289','5','0');
Insert into U70591363Q.ENFERMERO (P_SANIT_P_SANIT_ID,CODIGO,TURNO) values ('4818','28','1');
Insert into U70591363Q.ENFERMERO (P_SANIT_P_SANIT_ID,CODIGO,TURNO) values ('3609','49','1');
Insert into U70591363Q.ENFERMERO (P_SANIT_P_SANIT_ID,CODIGO,TURNO) values ('4969','95','1');
Insert into U70591363Q.ENFERMERO (P_SANIT_P_SANIT_ID,CODIGO,TURNO) values ('6367','51','0');
Insert into U70591363Q.ENFERMERO (P_SANIT_P_SANIT_ID,CODIGO,TURNO) values ('2299','10','1');
Insert into U70591363Q.ENFERMERO (P_SANIT_P_SANIT_ID,CODIGO,TURNO) values ('3782','81','1');
Insert into U70591363Q.ENFERMERO (P_SANIT_P_SANIT_ID,CODIGO,TURNO) values ('3488','22','0');
Insert into U70591363Q.ENFERMERO (P_SANIT_P_SANIT_ID,CODIGO,TURNO) values ('5578','14','0');
Insert into U70591363Q.ENFERMERO (P_SANIT_P_SANIT_ID,CODIGO,TURNO) values ('9250','76','1');
Insert into U70591363Q.ENFERMERO (P_SANIT_P_SANIT_ID,CODIGO,TURNO) values ('8120','8','0');
Insert into U70591363Q.ENFERMERO (P_SANIT_P_SANIT_ID,CODIGO,TURNO) values ('9826','31','0');
Insert into U70591363Q.ENFERMERO (P_SANIT_P_SANIT_ID,CODIGO,TURNO) values ('3199','27','1');
Insert into U70591363Q.ENFERMERO (P_SANIT_P_SANIT_ID,CODIGO,TURNO) values ('2192','99','0');
Insert into U70591363Q.ENFERMERO (P_SANIT_P_SANIT_ID,CODIGO,TURNO) values ('7644','55','0');
Insert into U70591363Q.ENFERMERO (P_SANIT_P_SANIT_ID,CODIGO,TURNO) values ('9537','43','0');
Insert into U70591363Q.ENFERMERO (P_SANIT_P_SANIT_ID,CODIGO,TURNO) values ('7357','89','1');
Insert into U70591363Q.ENFERMERO (P_SANIT_P_SANIT_ID,CODIGO,TURNO) values ('3441','14','0');
REM INSERTING into U70591363Q.FARM_NO_FINAN
SET DEFINE OFF;
Insert into U70591363Q.FARM_NO_FINAN (FARMACIA_N_LICENCIA,NO_FINAN_C_NACIONAL) values ('721623','9555');
Insert into U70591363Q.FARM_NO_FINAN (FARMACIA_N_LICENCIA,NO_FINAN_C_NACIONAL) values ('644176','7603');
Insert into U70591363Q.FARM_NO_FINAN (FARMACIA_N_LICENCIA,NO_FINAN_C_NACIONAL) values ('521569','11');
Insert into U70591363Q.FARM_NO_FINAN (FARMACIA_N_LICENCIA,NO_FINAN_C_NACIONAL) values ('582135','2103');
Insert into U70591363Q.FARM_NO_FINAN (FARMACIA_N_LICENCIA,NO_FINAN_C_NACIONAL) values ('364530','2299');
Insert into U70591363Q.FARM_NO_FINAN (FARMACIA_N_LICENCIA,NO_FINAN_C_NACIONAL) values ('179667','281');
Insert into U70591363Q.FARM_NO_FINAN (FARMACIA_N_LICENCIA,NO_FINAN_C_NACIONAL) values ('788671','3143');
Insert into U70591363Q.FARM_NO_FINAN (FARMACIA_N_LICENCIA,NO_FINAN_C_NACIONAL) values ('938949','7073');
Insert into U70591363Q.FARM_NO_FINAN (FARMACIA_N_LICENCIA,NO_FINAN_C_NACIONAL) values ('361830','4529');
Insert into U70591363Q.FARM_NO_FINAN (FARMACIA_N_LICENCIA,NO_FINAN_C_NACIONAL) values ('321801','9725');
Insert into U70591363Q.FARM_NO_FINAN (FARMACIA_N_LICENCIA,NO_FINAN_C_NACIONAL) values ('343257','7039');
Insert into U70591363Q.FARM_NO_FINAN (FARMACIA_N_LICENCIA,NO_FINAN_C_NACIONAL) values ('701637','1446');
Insert into U70591363Q.FARM_NO_FINAN (FARMACIA_N_LICENCIA,NO_FINAN_C_NACIONAL) values ('847013','8236');
Insert into U70591363Q.FARM_NO_FINAN (FARMACIA_N_LICENCIA,NO_FINAN_C_NACIONAL) values ('398652','5238');
Insert into U70591363Q.FARM_NO_FINAN (FARMACIA_N_LICENCIA,NO_FINAN_C_NACIONAL) values ('523980','387');
Insert into U70591363Q.FARM_NO_FINAN (FARMACIA_N_LICENCIA,NO_FINAN_C_NACIONAL) values ('541931','7013');
Insert into U70591363Q.FARM_NO_FINAN (FARMACIA_N_LICENCIA,NO_FINAN_C_NACIONAL) values ('566289','773');
Insert into U70591363Q.FARM_NO_FINAN (FARMACIA_N_LICENCIA,NO_FINAN_C_NACIONAL) values ('39083','882');
Insert into U70591363Q.FARM_NO_FINAN (FARMACIA_N_LICENCIA,NO_FINAN_C_NACIONAL) values ('527961','973');
Insert into U70591363Q.FARM_NO_FINAN (FARMACIA_N_LICENCIA,NO_FINAN_C_NACIONAL) values ('870463','120');
Insert into U70591363Q.FARM_NO_FINAN (FARMACIA_N_LICENCIA,NO_FINAN_C_NACIONAL) values ('803314','3729');
Insert into U70591363Q.FARM_NO_FINAN (FARMACIA_N_LICENCIA,NO_FINAN_C_NACIONAL) values ('940712','2132');
Insert into U70591363Q.FARM_NO_FINAN (FARMACIA_N_LICENCIA,NO_FINAN_C_NACIONAL) values ('591382','5907');
Insert into U70591363Q.FARM_NO_FINAN (FARMACIA_N_LICENCIA,NO_FINAN_C_NACIONAL) values ('374289','3294');
Insert into U70591363Q.FARM_NO_FINAN (FARMACIA_N_LICENCIA,NO_FINAN_C_NACIONAL) values ('165975','3327');
Insert into U70591363Q.FARM_NO_FINAN (FARMACIA_N_LICENCIA,NO_FINAN_C_NACIONAL) values ('750912','7843');
Insert into U70591363Q.FARM_NO_FINAN (FARMACIA_N_LICENCIA,NO_FINAN_C_NACIONAL) values ('549202','9555');
Insert into U70591363Q.FARM_NO_FINAN (FARMACIA_N_LICENCIA,NO_FINAN_C_NACIONAL) values ('427866','7603');
Insert into U70591363Q.FARM_NO_FINAN (FARMACIA_N_LICENCIA,NO_FINAN_C_NACIONAL) values ('992096','11');
Insert into U70591363Q.FARM_NO_FINAN (FARMACIA_N_LICENCIA,NO_FINAN_C_NACIONAL) values ('47841','2103');
Insert into U70591363Q.FARM_NO_FINAN (FARMACIA_N_LICENCIA,NO_FINAN_C_NACIONAL) values ('13466','2299');
Insert into U70591363Q.FARM_NO_FINAN (FARMACIA_N_LICENCIA,NO_FINAN_C_NACIONAL) values ('314615','281');
Insert into U70591363Q.FARM_NO_FINAN (FARMACIA_N_LICENCIA,NO_FINAN_C_NACIONAL) values ('290397','3143');
Insert into U70591363Q.FARM_NO_FINAN (FARMACIA_N_LICENCIA,NO_FINAN_C_NACIONAL) values ('598648','7073');
Insert into U70591363Q.FARM_NO_FINAN (FARMACIA_N_LICENCIA,NO_FINAN_C_NACIONAL) values ('755712','4529');
Insert into U70591363Q.FARM_NO_FINAN (FARMACIA_N_LICENCIA,NO_FINAN_C_NACIONAL) values ('205292','9725');
Insert into U70591363Q.FARM_NO_FINAN (FARMACIA_N_LICENCIA,NO_FINAN_C_NACIONAL) values ('231110','7039');
Insert into U70591363Q.FARM_NO_FINAN (FARMACIA_N_LICENCIA,NO_FINAN_C_NACIONAL) values ('889401','1446');
Insert into U70591363Q.FARM_NO_FINAN (FARMACIA_N_LICENCIA,NO_FINAN_C_NACIONAL) values ('572519','8236');
Insert into U70591363Q.FARM_NO_FINAN (FARMACIA_N_LICENCIA,NO_FINAN_C_NACIONAL) values ('787888','5238');
Insert into U70591363Q.FARM_NO_FINAN (FARMACIA_N_LICENCIA,NO_FINAN_C_NACIONAL) values ('205230','387');
Insert into U70591363Q.FARM_NO_FINAN (FARMACIA_N_LICENCIA,NO_FINAN_C_NACIONAL) values ('44102','7013');
Insert into U70591363Q.FARM_NO_FINAN (FARMACIA_N_LICENCIA,NO_FINAN_C_NACIONAL) values ('949859','773');
Insert into U70591363Q.FARM_NO_FINAN (FARMACIA_N_LICENCIA,NO_FINAN_C_NACIONAL) values ('18882','882');
Insert into U70591363Q.FARM_NO_FINAN (FARMACIA_N_LICENCIA,NO_FINAN_C_NACIONAL) values ('756135','973');
Insert into U70591363Q.FARM_NO_FINAN (FARMACIA_N_LICENCIA,NO_FINAN_C_NACIONAL) values ('484731','120');
Insert into U70591363Q.FARM_NO_FINAN (FARMACIA_N_LICENCIA,NO_FINAN_C_NACIONAL) values ('763925','3729');
Insert into U70591363Q.FARM_NO_FINAN (FARMACIA_N_LICENCIA,NO_FINAN_C_NACIONAL) values ('171346','2132');
Insert into U70591363Q.FARM_NO_FINAN (FARMACIA_N_LICENCIA,NO_FINAN_C_NACIONAL) values ('376047','5907');
Insert into U70591363Q.FARM_NO_FINAN (FARMACIA_N_LICENCIA,NO_FINAN_C_NACIONAL) values ('906571','3294');
Insert into U70591363Q.FARM_NO_FINAN (FARMACIA_N_LICENCIA,NO_FINAN_C_NACIONAL) values ('930884','3327');
REM INSERTING into U70591363Q.HISTORIAL_MEDICO
SET DEFINE OFF;
Insert into U70591363Q.HISTORIAL_MEDICO (N_REGISTRO,FECHA_INICIO,FECHA_CIERRE,PACIENTE_DNI) values ('7988',to_date('2003/05/03','RRRR/MM/DD'),to_date('1983/12/06','RRRR/MM/DD'),'41655013');
Insert into U70591363Q.HISTORIAL_MEDICO (N_REGISTRO,FECHA_INICIO,FECHA_CIERRE,PACIENTE_DNI) values ('2477',to_date('2010/11/15','RRRR/MM/DD'),to_date('1971/05/11','RRRR/MM/DD'),'82806725');
Insert into U70591363Q.HISTORIAL_MEDICO (N_REGISTRO,FECHA_INICIO,FECHA_CIERRE,PACIENTE_DNI) values ('560',to_date('2007/09/19','RRRR/MM/DD'),to_date('1961/04/18','RRRR/MM/DD'),'32162560');
Insert into U70591363Q.HISTORIAL_MEDICO (N_REGISTRO,FECHA_INICIO,FECHA_CIERRE,PACIENTE_DNI) values ('8349',to_date('1962/04/12','RRRR/MM/DD'),to_date('1983/02/11','RRRR/MM/DD'),'75520059');
Insert into U70591363Q.HISTORIAL_MEDICO (N_REGISTRO,FECHA_INICIO,FECHA_CIERRE,PACIENTE_DNI) values ('3455',to_date('2006/07/06','RRRR/MM/DD'),to_date('2007/03/28','RRRR/MM/DD'),'68591249');
Insert into U70591363Q.HISTORIAL_MEDICO (N_REGISTRO,FECHA_INICIO,FECHA_CIERRE,PACIENTE_DNI) values ('7534',to_date('1961/07/27','RRRR/MM/DD'),to_date('1975/04/05','RRRR/MM/DD'),'68320523');
Insert into U70591363Q.HISTORIAL_MEDICO (N_REGISTRO,FECHA_INICIO,FECHA_CIERRE,PACIENTE_DNI) values ('7754',to_date('1998/04/29','RRRR/MM/DD'),to_date('2014/05/02','RRRR/MM/DD'),'96756342');
Insert into U70591363Q.HISTORIAL_MEDICO (N_REGISTRO,FECHA_INICIO,FECHA_CIERRE,PACIENTE_DNI) values ('4466',to_date('2011/05/30','RRRR/MM/DD'),to_date('2006/10/15','RRRR/MM/DD'),'52500391');
Insert into U70591363Q.HISTORIAL_MEDICO (N_REGISTRO,FECHA_INICIO,FECHA_CIERRE,PACIENTE_DNI) values ('2163',to_date('1997/12/18','RRRR/MM/DD'),to_date('1969/12/15','RRRR/MM/DD'),'51617040');
Insert into U70591363Q.HISTORIAL_MEDICO (N_REGISTRO,FECHA_INICIO,FECHA_CIERRE,PACIENTE_DNI) values ('6107',to_date('1967/07/06','RRRR/MM/DD'),to_date('1970/06/07','RRRR/MM/DD'),'2662941');
Insert into U70591363Q.HISTORIAL_MEDICO (N_REGISTRO,FECHA_INICIO,FECHA_CIERRE,PACIENTE_DNI) values ('7150',to_date('1974/07/01','RRRR/MM/DD'),to_date('2001/01/06','RRRR/MM/DD'),'31056692');
Insert into U70591363Q.HISTORIAL_MEDICO (N_REGISTRO,FECHA_INICIO,FECHA_CIERRE,PACIENTE_DNI) values ('7144',to_date('2019/01/08','RRRR/MM/DD'),to_date('1991/12/10','RRRR/MM/DD'),'19884602');
Insert into U70591363Q.HISTORIAL_MEDICO (N_REGISTRO,FECHA_INICIO,FECHA_CIERRE,PACIENTE_DNI) values ('4937',to_date('2014/01/02','RRRR/MM/DD'),to_date('2002/05/17','RRRR/MM/DD'),'84981329');
Insert into U70591363Q.HISTORIAL_MEDICO (N_REGISTRO,FECHA_INICIO,FECHA_CIERRE,PACIENTE_DNI) values ('2681',to_date('1978/04/14','RRRR/MM/DD'),to_date('1961/12/02','RRRR/MM/DD'),'30687074');
Insert into U70591363Q.HISTORIAL_MEDICO (N_REGISTRO,FECHA_INICIO,FECHA_CIERRE,PACIENTE_DNI) values ('4868',to_date('2017/10/21','RRRR/MM/DD'),to_date('2016/06/26','RRRR/MM/DD'),'72706330');
Insert into U70591363Q.HISTORIAL_MEDICO (N_REGISTRO,FECHA_INICIO,FECHA_CIERRE,PACIENTE_DNI) values ('9152',to_date('1993/10/02','RRRR/MM/DD'),to_date('1962/12/08','RRRR/MM/DD'),'97843511');
Insert into U70591363Q.HISTORIAL_MEDICO (N_REGISTRO,FECHA_INICIO,FECHA_CIERRE,PACIENTE_DNI) values ('6359',to_date('2000/06/28','RRRR/MM/DD'),to_date('1960/09/21','RRRR/MM/DD'),'10420790');
Insert into U70591363Q.HISTORIAL_MEDICO (N_REGISTRO,FECHA_INICIO,FECHA_CIERRE,PACIENTE_DNI) values ('4339',to_date('2023/04/07','RRRR/MM/DD'),to_date('1996/10/30','RRRR/MM/DD'),'79479648');
Insert into U70591363Q.HISTORIAL_MEDICO (N_REGISTRO,FECHA_INICIO,FECHA_CIERRE,PACIENTE_DNI) values ('9202',to_date('2007/06/08','RRRR/MM/DD'),to_date('1987/08/12','RRRR/MM/DD'),'81540349');
Insert into U70591363Q.HISTORIAL_MEDICO (N_REGISTRO,FECHA_INICIO,FECHA_CIERRE,PACIENTE_DNI) values ('1241',to_date('1992/06/24','RRRR/MM/DD'),to_date('1970/03/03','RRRR/MM/DD'),'69946545');
Insert into U70591363Q.HISTORIAL_MEDICO (N_REGISTRO,FECHA_INICIO,FECHA_CIERRE,PACIENTE_DNI) values ('713',to_date('1988/01/29','RRRR/MM/DD'),to_date('1966/01/12','RRRR/MM/DD'),'97742976');
Insert into U70591363Q.HISTORIAL_MEDICO (N_REGISTRO,FECHA_INICIO,FECHA_CIERRE,PACIENTE_DNI) values ('6606',to_date('1969/06/13','RRRR/MM/DD'),to_date('2010/02/27','RRRR/MM/DD'),'70622683');
Insert into U70591363Q.HISTORIAL_MEDICO (N_REGISTRO,FECHA_INICIO,FECHA_CIERRE,PACIENTE_DNI) values ('7694',to_date('1985/07/26','RRRR/MM/DD'),to_date('1986/12/25','RRRR/MM/DD'),'99320686');
Insert into U70591363Q.HISTORIAL_MEDICO (N_REGISTRO,FECHA_INICIO,FECHA_CIERRE,PACIENTE_DNI) values ('4496',to_date('1968/05/19','RRRR/MM/DD'),to_date('1996/04/04','RRRR/MM/DD'),'13313679');
Insert into U70591363Q.HISTORIAL_MEDICO (N_REGISTRO,FECHA_INICIO,FECHA_CIERRE,PACIENTE_DNI) values ('5207',to_date('1973/06/05','RRRR/MM/DD'),to_date('2009/01/06','RRRR/MM/DD'),'26422702');
Insert into U70591363Q.HISTORIAL_MEDICO (N_REGISTRO,FECHA_INICIO,FECHA_CIERRE,PACIENTE_DNI) values ('4201',to_date('1983/01/20','RRRR/MM/DD'),to_date('1968/09/13','RRRR/MM/DD'),'24931748');
Insert into U70591363Q.HISTORIAL_MEDICO (N_REGISTRO,FECHA_INICIO,FECHA_CIERRE,PACIENTE_DNI) values ('3245',to_date('1979/04/10','RRRR/MM/DD'),to_date('1970/05/29','RRRR/MM/DD'),'87839141');
Insert into U70591363Q.HISTORIAL_MEDICO (N_REGISTRO,FECHA_INICIO,FECHA_CIERRE,PACIENTE_DNI) values ('362',to_date('1982/02/15','RRRR/MM/DD'),to_date('2018/02/12','RRRR/MM/DD'),'64303172');
Insert into U70591363Q.HISTORIAL_MEDICO (N_REGISTRO,FECHA_INICIO,FECHA_CIERRE,PACIENTE_DNI) values ('5928',to_date('1981/12/23','RRRR/MM/DD'),to_date('2006/01/02','RRRR/MM/DD'),'94647448');
Insert into U70591363Q.HISTORIAL_MEDICO (N_REGISTRO,FECHA_INICIO,FECHA_CIERRE,PACIENTE_DNI) values ('6821',to_date('2013/10/11','RRRR/MM/DD'),to_date('2001/08/19','RRRR/MM/DD'),'55083230');
Insert into U70591363Q.HISTORIAL_MEDICO (N_REGISTRO,FECHA_INICIO,FECHA_CIERRE,PACIENTE_DNI) values ('4422',to_date('2012/01/22','RRRR/MM/DD'),to_date('2009/12/29','RRRR/MM/DD'),'13895906');
Insert into U70591363Q.HISTORIAL_MEDICO (N_REGISTRO,FECHA_INICIO,FECHA_CIERRE,PACIENTE_DNI) values ('8001',to_date('1992/05/24','RRRR/MM/DD'),to_date('1978/03/10','RRRR/MM/DD'),'75206713');
Insert into U70591363Q.HISTORIAL_MEDICO (N_REGISTRO,FECHA_INICIO,FECHA_CIERRE,PACIENTE_DNI) values ('7897',to_date('1963/07/20','RRRR/MM/DD'),to_date('1992/01/15','RRRR/MM/DD'),'23786626');
Insert into U70591363Q.HISTORIAL_MEDICO (N_REGISTRO,FECHA_INICIO,FECHA_CIERRE,PACIENTE_DNI) values ('348',to_date('2002/01/11','RRRR/MM/DD'),to_date('1966/03/14','RRRR/MM/DD'),'86419116');
Insert into U70591363Q.HISTORIAL_MEDICO (N_REGISTRO,FECHA_INICIO,FECHA_CIERRE,PACIENTE_DNI) values ('7265',to_date('1960/02/27','RRRR/MM/DD'),to_date('1964/01/08','RRRR/MM/DD'),'45760178');
Insert into U70591363Q.HISTORIAL_MEDICO (N_REGISTRO,FECHA_INICIO,FECHA_CIERRE,PACIENTE_DNI) values ('4017',to_date('1989/01/26','RRRR/MM/DD'),to_date('1984/06/01','RRRR/MM/DD'),'5826058');
Insert into U70591363Q.HISTORIAL_MEDICO (N_REGISTRO,FECHA_INICIO,FECHA_CIERRE,PACIENTE_DNI) values ('6336',to_date('2019/08/14','RRRR/MM/DD'),to_date('1983/10/26','RRRR/MM/DD'),'92589996');
Insert into U70591363Q.HISTORIAL_MEDICO (N_REGISTRO,FECHA_INICIO,FECHA_CIERRE,PACIENTE_DNI) values ('863',to_date('1998/03/17','RRRR/MM/DD'),to_date('1978/08/01','RRRR/MM/DD'),'85622504');
Insert into U70591363Q.HISTORIAL_MEDICO (N_REGISTRO,FECHA_INICIO,FECHA_CIERRE,PACIENTE_DNI) values ('8597',to_date('1993/05/15','RRRR/MM/DD'),to_date('1970/10/18','RRRR/MM/DD'),'74985100');
Insert into U70591363Q.HISTORIAL_MEDICO (N_REGISTRO,FECHA_INICIO,FECHA_CIERRE,PACIENTE_DNI) values ('5712',to_date('1979/08/13','RRRR/MM/DD'),to_date('2006/11/10','RRRR/MM/DD'),'52867402');
Insert into U70591363Q.HISTORIAL_MEDICO (N_REGISTRO,FECHA_INICIO,FECHA_CIERRE,PACIENTE_DNI) values ('140',to_date('1996/02/27','RRRR/MM/DD'),to_date('1995/04/28','RRRR/MM/DD'),'22921981');
Insert into U70591363Q.HISTORIAL_MEDICO (N_REGISTRO,FECHA_INICIO,FECHA_CIERRE,PACIENTE_DNI) values ('7721',to_date('1988/07/04','RRRR/MM/DD'),to_date('1990/12/30','RRRR/MM/DD'),'6905194');
Insert into U70591363Q.HISTORIAL_MEDICO (N_REGISTRO,FECHA_INICIO,FECHA_CIERRE,PACIENTE_DNI) values ('3754',to_date('1973/04/08','RRRR/MM/DD'),to_date('2018/11/18','RRRR/MM/DD'),'5387946');
Insert into U70591363Q.HISTORIAL_MEDICO (N_REGISTRO,FECHA_INICIO,FECHA_CIERRE,PACIENTE_DNI) values ('4646',to_date('1966/04/23','RRRR/MM/DD'),to_date('2006/09/08','RRRR/MM/DD'),'59935049');
Insert into U70591363Q.HISTORIAL_MEDICO (N_REGISTRO,FECHA_INICIO,FECHA_CIERRE,PACIENTE_DNI) values ('9605',to_date('1983/02/23','RRRR/MM/DD'),to_date('1982/08/02','RRRR/MM/DD'),'83554762');
Insert into U70591363Q.HISTORIAL_MEDICO (N_REGISTRO,FECHA_INICIO,FECHA_CIERRE,PACIENTE_DNI) values ('3239',to_date('1965/02/28','RRRR/MM/DD'),to_date('2020/09/28','RRRR/MM/DD'),'30180226');
Insert into U70591363Q.HISTORIAL_MEDICO (N_REGISTRO,FECHA_INICIO,FECHA_CIERRE,PACIENTE_DNI) values ('9417',to_date('1973/04/09','RRRR/MM/DD'),to_date('1972/08/18','RRRR/MM/DD'),'60189181');
Insert into U70591363Q.HISTORIAL_MEDICO (N_REGISTRO,FECHA_INICIO,FECHA_CIERRE,PACIENTE_DNI) values ('7412',to_date('1984/11/14','RRRR/MM/DD'),to_date('2023/06/27','RRRR/MM/DD'),'83249512');
Insert into U70591363Q.HISTORIAL_MEDICO (N_REGISTRO,FECHA_INICIO,FECHA_CIERRE,PACIENTE_DNI) values ('2907',to_date('2018/05/16','RRRR/MM/DD'),to_date('1985/07/30','RRRR/MM/DD'),'40383823');
Insert into U70591363Q.HISTORIAL_MEDICO (N_REGISTRO,FECHA_INICIO,FECHA_CIERRE,PACIENTE_DNI) values ('7853',to_date('1987/10/26','RRRR/MM/DD'),to_date('1996/03/23','RRRR/MM/DD'),'10462252');
REM INSERTING into U70591363Q.FARMACIA
SET DEFINE OFF;
Insert into U70591363Q.FARMACIA (N_LICENCIA,UBICACION) values ('721623','Bilbao');
Insert into U70591363Q.FARMACIA (N_LICENCIA,UBICACION) values ('644176','Málaga');
Insert into U70591363Q.FARMACIA (N_LICENCIA,UBICACION) values ('521569','Barcelona');
Insert into U70591363Q.FARMACIA (N_LICENCIA,UBICACION) values ('582135','Madrid');
Insert into U70591363Q.FARMACIA (N_LICENCIA,UBICACION) values ('364530','Palma');
Insert into U70591363Q.FARMACIA (N_LICENCIA,UBICACION) values ('179667','Murcia');
Insert into U70591363Q.FARMACIA (N_LICENCIA,UBICACION) values ('788671','Barcelona');
Insert into U70591363Q.FARMACIA (N_LICENCIA,UBICACION) values ('938949','Madrid');
Insert into U70591363Q.FARMACIA (N_LICENCIA,UBICACION) values ('361830','Palma');
Insert into U70591363Q.FARMACIA (N_LICENCIA,UBICACION) values ('321801','Las Palmas');
Insert into U70591363Q.FARMACIA (N_LICENCIA,UBICACION) values ('343257','Las Palmas');
Insert into U70591363Q.FARMACIA (N_LICENCIA,UBICACION) values ('701637','Zaragoza');
Insert into U70591363Q.FARMACIA (N_LICENCIA,UBICACION) values ('847013','Las Palmas');
Insert into U70591363Q.FARMACIA (N_LICENCIA,UBICACION) values ('398652','Barcelona');
Insert into U70591363Q.FARMACIA (N_LICENCIA,UBICACION) values ('523980','Valencia');
Insert into U70591363Q.FARMACIA (N_LICENCIA,UBICACION) values ('541931','Málaga');
Insert into U70591363Q.FARMACIA (N_LICENCIA,UBICACION) values ('566289','Madrid');
Insert into U70591363Q.FARMACIA (N_LICENCIA,UBICACION) values ('39083','Málaga');
Insert into U70591363Q.FARMACIA (N_LICENCIA,UBICACION) values ('527961','Zaragoza');
Insert into U70591363Q.FARMACIA (N_LICENCIA,UBICACION) values ('870463','Barcelona');
Insert into U70591363Q.FARMACIA (N_LICENCIA,UBICACION) values ('803314','Palma');
Insert into U70591363Q.FARMACIA (N_LICENCIA,UBICACION) values ('940712','Zaragoza');
Insert into U70591363Q.FARMACIA (N_LICENCIA,UBICACION) values ('591382','Bilbao');
Insert into U70591363Q.FARMACIA (N_LICENCIA,UBICACION) values ('374289','Palma');
Insert into U70591363Q.FARMACIA (N_LICENCIA,UBICACION) values ('165975','Bilbao');
Insert into U70591363Q.FARMACIA (N_LICENCIA,UBICACION) values ('750912','Sevilla');
Insert into U70591363Q.FARMACIA (N_LICENCIA,UBICACION) values ('549202','Las Palmas');
Insert into U70591363Q.FARMACIA (N_LICENCIA,UBICACION) values ('427866','Bilbao');
Insert into U70591363Q.FARMACIA (N_LICENCIA,UBICACION) values ('992096','Sevilla');
Insert into U70591363Q.FARMACIA (N_LICENCIA,UBICACION) values ('47841','Málaga');
Insert into U70591363Q.FARMACIA (N_LICENCIA,UBICACION) values ('13466','Valencia');
Insert into U70591363Q.FARMACIA (N_LICENCIA,UBICACION) values ('314615','Zaragoza');
Insert into U70591363Q.FARMACIA (N_LICENCIA,UBICACION) values ('290397','Sevilla');
Insert into U70591363Q.FARMACIA (N_LICENCIA,UBICACION) values ('598648','Murcia');
Insert into U70591363Q.FARMACIA (N_LICENCIA,UBICACION) values ('755712','Palma');
Insert into U70591363Q.FARMACIA (N_LICENCIA,UBICACION) values ('205292','Barcelona');
Insert into U70591363Q.FARMACIA (N_LICENCIA,UBICACION) values ('231110','Barcelona');
Insert into U70591363Q.FARMACIA (N_LICENCIA,UBICACION) values ('889401','Bilbao');
Insert into U70591363Q.FARMACIA (N_LICENCIA,UBICACION) values ('572519','Palma');
Insert into U70591363Q.FARMACIA (N_LICENCIA,UBICACION) values ('787888','Las Palmas');
Insert into U70591363Q.FARMACIA (N_LICENCIA,UBICACION) values ('205230','Barcelona');
Insert into U70591363Q.FARMACIA (N_LICENCIA,UBICACION) values ('44102','Barcelona');
Insert into U70591363Q.FARMACIA (N_LICENCIA,UBICACION) values ('949859','Málaga');
Insert into U70591363Q.FARMACIA (N_LICENCIA,UBICACION) values ('18882','Palma');
Insert into U70591363Q.FARMACIA (N_LICENCIA,UBICACION) values ('756135','Barcelona');
Insert into U70591363Q.FARMACIA (N_LICENCIA,UBICACION) values ('484731','Madrid');
Insert into U70591363Q.FARMACIA (N_LICENCIA,UBICACION) values ('763925','Barcelona');
Insert into U70591363Q.FARMACIA (N_LICENCIA,UBICACION) values ('171346','Valencia');
Insert into U70591363Q.FARMACIA (N_LICENCIA,UBICACION) values ('376047','Sevilla');
Insert into U70591363Q.FARMACIA (N_LICENCIA,UBICACION) values ('906571','Sevilla');
Insert into U70591363Q.FARMACIA (N_LICENCIA,UBICACION) values ('930884','Bilbao');
REM INSERTING into U70591363Q.MEDIC
SET DEFINE OFF;
Insert into U70591363Q.MEDIC (C_NACIONAL,NOMBRE,VIA_ADMINISTRACION,PRESENTACION,FORMATO,RECETA,MEDIC_TYPE) values ('9433','FBR','Intrav','Jarabe','Jarabe','1 cucharada','Antidep');
Insert into U70591363Q.MEDIC (C_NACIONAL,NOMBRE,VIA_ADMINISTRACION,PRESENTACION,FORMATO,RECETA,MEDIC_TYPE) values ('8005','MOR','Inha','Jarabe','Jarabe','1 cucharada','Antidep');
Insert into U70591363Q.MEDIC (C_NACIONAL,NOMBRE,VIA_ADMINISTRACION,PRESENTACION,FORMATO,RECETA,MEDIC_TYPE) values ('2843','CLI','Intrav','Comp','Comp','1 cucharada','Antiinflam');
Insert into U70591363Q.MEDIC (C_NACIONAL,NOMBRE,VIA_ADMINISTRACION,PRESENTACION,FORMATO,RECETA,MEDIC_TYPE) values ('4690','COD','Inha','Pomada','Pomada','1 cucharada','Anticoag');
Insert into U70591363Q.MEDIC (C_NACIONAL,NOMBRE,VIA_ADMINISTRACION,PRESENTACION,FORMATO,RECETA,MEDIC_TYPE) values ('9707','GAB','Intram','Cápsulas','Cápsulas','2 cáp','Antidep');
Insert into U70591363Q.MEDIC (C_NACIONAL,NOMBRE,VIA_ADMINISTRACION,PRESENTACION,FORMATO,RECETA,MEDIC_TYPE) values ('9046','LEV','Intrav','Susp','Susp','1 cucharada','Anticoag');
Insert into U70591363Q.MEDIC (C_NACIONAL,NOMBRE,VIA_ADMINISTRACION,PRESENTACION,FORMATO,RECETA,MEDIC_TYPE) values ('6345','OME','Subcutánea','Píldoras','Píldoras','1 comp','Anticoag');
Insert into U70591363Q.MEDIC (C_NACIONAL,NOMBRE,VIA_ADMINISTRACION,PRESENTACION,FORMATO,RECETA,MEDIC_TYPE) values ('2215','CEF','Intrav','Píldoras','Píldoras','1 comp','Analgesico');
Insert into U70591363Q.MEDIC (C_NACIONAL,NOMBRE,VIA_ADMINISTRACION,PRESENTACION,FORMATO,RECETA,MEDIC_TYPE) values ('7743','MER','Oral','Líquido','Líquido','1 comp','Antiinflam');
Insert into U70591363Q.MEDIC (C_NACIONAL,NOMBRE,VIA_ADMINISTRACION,PRESENTACION,FORMATO,RECETA,MEDIC_TYPE) values ('5614','AML','Sublingual','Píldoras','Píldoras','5 ml','Antidep');
Insert into U70591363Q.MEDIC (C_NACIONAL,NOMBRE,VIA_ADMINISTRACION,PRESENTACION,FORMATO,RECETA,MEDIC_TYPE) values ('8010','INS','Inha','Jarabe','Jarabe','1 comp','Antibiotico');
Insert into U70591363Q.MEDIC (C_NACIONAL,NOMBRE,VIA_ADMINISTRACION,PRESENTACION,FORMATO,RECETA,MEDIC_TYPE) values ('6602','LOS','Transd','Cápsulas','Cápsulas','1 gramo','Antidep');
Insert into U70591363Q.MEDIC (C_NACIONAL,NOMBRE,VIA_ADMINISTRACION,PRESENTACION,FORMATO,RECETA,MEDIC_TYPE) values ('1056','METO','Subcutánea','Píldoras','Píldoras','5 ml','Antidep');
Insert into U70591363Q.MEDIC (C_NACIONAL,NOMBRE,VIA_ADMINISTRACION,PRESENTACION,FORMATO,RECETA,MEDIC_TYPE) values ('4624','MER','Subcutánea','Comp','Comp','1 cucharada','Analgesico');
Insert into U70591363Q.MEDIC (C_NACIONAL,NOMBRE,VIA_ADMINISTRACION,PRESENTACION,FORMATO,RECETA,MEDIC_TYPE) values ('4969','VEN','Sublingual','Líquido','Líquido','2 cáp','Antidep');
Insert into U70591363Q.MEDIC (C_NACIONAL,NOMBRE,VIA_ADMINISTRACION,PRESENTACION,FORMATO,RECETA,MEDIC_TYPE) values ('159','MOR','Inha','Líquido','Líquido','2 cáp','Antibiotico');
Insert into U70591363Q.MEDIC (C_NACIONAL,NOMBRE,VIA_ADMINISTRACION,PRESENTACION,FORMATO,RECETA,MEDIC_TYPE) values ('1515','API','Rectal','Crema','Crema','1 parche','Antidep');
Insert into U70591363Q.MEDIC (C_NACIONAL,NOMBRE,VIA_ADMINISTRACION,PRESENTACION,FORMATO,RECETA,MEDIC_TYPE) values ('8600','LAM','Intram','Comp','Comp','1 cucharada','Antihistam');
Insert into U70591363Q.MEDIC (C_NACIONAL,NOMBRE,VIA_ADMINISTRACION,PRESENTACION,FORMATO,RECETA,MEDIC_TYPE) values ('5877','VAN','Oral','Píldoras','Píldoras','1 gramo','Antibiotico');
Insert into U70591363Q.MEDIC (C_NACIONAL,NOMBRE,VIA_ADMINISTRACION,PRESENTACION,FORMATO,RECETA,MEDIC_TYPE) values ('6368','ENA','Intram','Pomada','Pomada','1 parche','Antidep');
Insert into U70591363Q.MEDIC (C_NACIONAL,NOMBRE,VIA_ADMINISTRACION,PRESENTACION,FORMATO,RECETA,MEDIC_TYPE) values ('8708','FEN','Inha','Píldoras','Píldoras','5 ml','Anticoag');
Insert into U70591363Q.MEDIC (C_NACIONAL,NOMBRE,VIA_ADMINISTRACION,PRESENTACION,FORMATO,RECETA,MEDIC_TYPE) values ('8034','AMP','Rectal','Líquido','Líquido','1 comp','Antibiotico');
Insert into U70591363Q.MEDIC (C_NACIONAL,NOMBRE,VIA_ADMINISTRACION,PRESENTACION,FORMATO,RECETA,MEDIC_TYPE) values ('5962','PCM','Subcutánea','Jarabe','Jarabe','1 parche','Analgesico');
Insert into U70591363Q.MEDIC (C_NACIONAL,NOMBRE,VIA_ADMINISTRACION,PRESENTACION,FORMATO,RECETA,MEDIC_TYPE) values ('8303','LOR','Intram','Comp','Comp','1 cucharada','Analgesico');
Insert into U70591363Q.MEDIC (C_NACIONAL,NOMBRE,VIA_ADMINISTRACION,PRESENTACION,FORMATO,RECETA,MEDIC_TYPE) values ('7917','MOR','Oral','Jarabe','Jarabe','1 comp','Antibiotico');
Insert into U70591363Q.MEDIC (C_NACIONAL,NOMBRE,VIA_ADMINISTRACION,PRESENTACION,FORMATO,RECETA,MEDIC_TYPE) values ('9555','RAN','Sublingual','Comp','Comp','5 ml','Analgesico');
Insert into U70591363Q.MEDIC (C_NACIONAL,NOMBRE,VIA_ADMINISTRACION,PRESENTACION,FORMATO,RECETA,MEDIC_TYPE) values ('7603','SIL','Intram','Cápsulas','Cápsulas','5 ml','Antidep');
Insert into U70591363Q.MEDIC (C_NACIONAL,NOMBRE,VIA_ADMINISTRACION,PRESENTACION,FORMATO,RECETA,MEDIC_TYPE) values ('11','MER','Intram','Susp','Susp','1 cucharada','Antihistam');
Insert into U70591363Q.MEDIC (C_NACIONAL,NOMBRE,VIA_ADMINISTRACION,PRESENTACION,FORMATO,RECETA,MEDIC_TYPE) values ('2103','WAR','Inha','Jarabe','Jarabe','1 parche','Antiinflam');
Insert into U70591363Q.MEDIC (C_NACIONAL,NOMBRE,VIA_ADMINISTRACION,PRESENTACION,FORMATO,RECETA,MEDIC_TYPE) values ('2299','AZI','Transd','Jarabe','Jarabe','2 cáp','Antibiotico');
Insert into U70591363Q.MEDIC (C_NACIONAL,NOMBRE,VIA_ADMINISTRACION,PRESENTACION,FORMATO,RECETA,MEDIC_TYPE) values ('2861','HID','Subcutánea','Pomada','Pomada','5 ml','Antiinflam');
Insert into U70591363Q.MEDIC (C_NACIONAL,NOMBRE,VIA_ADMINISTRACION,PRESENTACION,FORMATO,RECETA,MEDIC_TYPE) values ('3143','ASA','Inha','Comp','Comp','2 cáp','Anticoag');
Insert into U70591363Q.MEDIC (C_NACIONAL,NOMBRE,VIA_ADMINISTRACION,PRESENTACION,FORMATO,RECETA,MEDIC_TYPE) values ('7073','DOX','Oral','Píldoras','Píldoras','1 parche','Analgesico');
Insert into U70591363Q.MEDIC (C_NACIONAL,NOMBRE,VIA_ADMINISTRACION,PRESENTACION,FORMATO,RECETA,MEDIC_TYPE) values ('4529','ALP','Intrav','Comp','Comp','1 comp','Analgesico');
Insert into U70591363Q.MEDIC (C_NACIONAL,NOMBRE,VIA_ADMINISTRACION,PRESENTACION,FORMATO,RECETA,MEDIC_TYPE) values ('9725','ALP','Intram','Pomada','Pomada','1 cucharada','Anticoag');
Insert into U70591363Q.MEDIC (C_NACIONAL,NOMBRE,VIA_ADMINISTRACION,PRESENTACION,FORMATO,RECETA,MEDIC_TYPE) values ('7039','CTR','Inha','Comp','Comp','1 cucharada','Antibiotico');
Insert into U70591363Q.MEDIC (C_NACIONAL,NOMBRE,VIA_ADMINISTRACION,PRESENTACION,FORMATO,RECETA,MEDIC_TYPE) values ('1446','OME','Subcutánea','Jarabe','Jarabe','1 comp','Antidep');
Insert into U70591363Q.MEDIC (C_NACIONAL,NOMBRE,VIA_ADMINISTRACION,PRESENTACION,FORMATO,RECETA,MEDIC_TYPE) values ('8236','WAR','Subcutánea','Cápsulas','Cápsulas','1 cucharada','Analgesico');
Insert into U70591363Q.MEDIC (C_NACIONAL,NOMBRE,VIA_ADMINISTRACION,PRESENTACION,FORMATO,RECETA,MEDIC_TYPE) values ('5238','CTR','Rectal','Cápsulas','Cápsulas','5 ml','Anticoag');
Insert into U70591363Q.MEDIC (C_NACIONAL,NOMBRE,VIA_ADMINISTRACION,PRESENTACION,FORMATO,RECETA,MEDIC_TYPE) values ('387','TRA','Subcutánea','Crema','Crema','1 comp','Antidep');
Insert into U70591363Q.MEDIC (C_NACIONAL,NOMBRE,VIA_ADMINISTRACION,PRESENTACION,FORMATO,RECETA,MEDIC_TYPE) values ('7013','RSV','Sublingual','Cápsulas','Cápsulas','2 cáp','Antihistam');
Insert into U70591363Q.MEDIC (C_NACIONAL,NOMBRE,VIA_ADMINISTRACION,PRESENTACION,FORMATO,RECETA,MEDIC_TYPE) values ('773','API','Transd','Susp','Susp','1 parche','Antihistam');
Insert into U70591363Q.MEDIC (C_NACIONAL,NOMBRE,VIA_ADMINISTRACION,PRESENTACION,FORMATO,RECETA,MEDIC_TYPE) values ('882','CIP','Intram','Susp','Susp','5 ml','Analgesico');
Insert into U70591363Q.MEDIC (C_NACIONAL,NOMBRE,VIA_ADMINISTRACION,PRESENTACION,FORMATO,RECETA,MEDIC_TYPE) values ('7973','MER','Inha','Pomada','Pomada','2 cáp','Antiinflam');
Insert into U70591363Q.MEDIC (C_NACIONAL,NOMBRE,VIA_ADMINISTRACION,PRESENTACION,FORMATO,RECETA,MEDIC_TYPE) values ('9120','LAM','Intram','Cápsulas','Cápsulas','2 cáp','Antiinflam');
Insert into U70591363Q.MEDIC (C_NACIONAL,NOMBRE,VIA_ADMINISTRACION,PRESENTACION,FORMATO,RECETA,MEDIC_TYPE) values ('3729','SET','Transd','Píldoras','Píldoras','1 gramo','Antiinflam');
Insert into U70591363Q.MEDIC (C_NACIONAL,NOMBRE,VIA_ADMINISTRACION,PRESENTACION,FORMATO,RECETA,MEDIC_TYPE) values ('2132','DOX','Rectal','Jarabe','Jarabe','2 cáp','Anticoag');
Insert into U70591363Q.MEDIC (C_NACIONAL,NOMBRE,VIA_ADMINISTRACION,PRESENTACION,FORMATO,RECETA,MEDIC_TYPE) values ('5907','HCTZ','Oral','Pomada','Pomada','1 parche','Analgesico');
Insert into U70591363Q.MEDIC (C_NACIONAL,NOMBRE,VIA_ADMINISTRACION,PRESENTACION,FORMATO,RECETA,MEDIC_TYPE) values ('3294','RAN','Subcutánea','Crema','Crema','2 cáp','Antihistam');
Insert into U70591363Q.MEDIC (C_NACIONAL,NOMBRE,VIA_ADMINISTRACION,PRESENTACION,FORMATO,RECETA,MEDIC_TYPE) values ('3327','AML','Sublingual','Píldoras','Píldoras','2 cáp','Anticoag');
Insert into U70591363Q.MEDIC (C_NACIONAL,NOMBRE,VIA_ADMINISTRACION,PRESENTACION,FORMATO,RECETA,MEDIC_TYPE) values ('7843','ASA','Intram','Píldoras','Píldoras','1 comp','Antibiotico');
REM INSERTING into U70591363Q.ENFDAD
SET DEFINE OFF;
Insert into U70591363Q.ENFDAD (CIE10,CRONICA,NOMBRE_ENFDAD,TASA_MORTALIDAD,TASA_LETALIDAD) values ('5850','0','SAR','4','76');
Insert into U70591363Q.ENFDAD (CIE10,CRONICA,NOMBRE_ENFDAD,TASA_MORTALIDAD,TASA_LETALIDAD) values ('7080','1','SII','23','14');
Insert into U70591363Q.ENFDAD (CIE10,CRONICA,NOMBRE_ENFDAD,TASA_MORTALIDAD,TASA_LETALIDAD) values ('1958','0','MAL','14','62');
Insert into U70591363Q.ENFDAD (CIE10,CRONICA,NOMBRE_ENFDAD,TASA_MORTALIDAD,TASA_LETALIDAD) values ('8043','1','ECH','89','39');
Insert into U70591363Q.ENFDAD (CIE10,CRONICA,NOMBRE_ENFDAD,TASA_MORTALIDAD,TASA_LETALIDAD) values ('9507','0','HC','48','92');
Insert into U70591363Q.ENFDAD (CIE10,CRONICA,NOMBRE_ENFDAD,TASA_MORTALIDAD,TASA_LETALIDAD) values ('4915','0','MEN','42','98');
Insert into U70591363Q.ENFDAD (CIE10,CRONICA,NOMBRE_ENFDAD,TASA_MORTALIDAD,TASA_LETALIDAD) values ('2620','0','EPL','19','23');
Insert into U70591363Q.ENFDAD (CIE10,CRONICA,NOMBRE_ENFDAD,TASA_MORTALIDAD,TASA_LETALIDAD) values ('2652','1','ZIK','37','62');
Insert into U70591363Q.ENFDAD (CIE10,CRONICA,NOMBRE_ENFDAD,TASA_MORTALIDAD,TASA_LETALIDAD) values ('5305','0','ELY','10','29');
Insert into U70591363Q.ENFDAD (CIE10,CRONICA,NOMBRE_ENFDAD,TASA_MORTALIDAD,TASA_LETALIDAD) values ('1367','1','EM','11','7');
Insert into U70591363Q.ENFDAD (CIE10,CRONICA,NOMBRE_ENFDAD,TASA_MORTALIDAD,TASA_LETALIDAD) values ('4221','1','HB','18','6');
Insert into U70591363Q.ENFDAD (CIE10,CRONICA,NOMBRE_ENFDAD,TASA_MORTALIDAD,TASA_LETALIDAD) values ('7944','0','HTA','63','2');
Insert into U70591363Q.ENFDAD (CIE10,CRONICA,NOMBRE_ENFDAD,TASA_MORTALIDAD,TASA_LETALIDAD) values ('1552','1','HC','84','55');
Insert into U70591363Q.ENFDAD (CIE10,CRONICA,NOMBRE_ENFDAD,TASA_MORTALIDAD,TASA_LETALIDAD) values ('4922','0','ELY','86','0');
Insert into U70591363Q.ENFDAD (CIE10,CRONICA,NOMBRE_ENFDAD,TASA_MORTALIDAD,TASA_LETALIDAD) values ('7008','0','MEN','45','36');
Insert into U70591363Q.ENFDAD (CIE10,CRONICA,NOMBRE_ENFDAD,TASA_MORTALIDAD,TASA_LETALIDAD) values ('172','1','ZIK','99','79');
Insert into U70591363Q.ENFDAD (CIE10,CRONICA,NOMBRE_ENFDAD,TASA_MORTALIDAD,TASA_LETALIDAD) values ('3572','1','GRIP','70','5');
Insert into U70591363Q.ENFDAD (CIE10,CRONICA,NOMBRE_ENFDAD,TASA_MORTALIDAD,TASA_LETALIDAD) values ('8942','1','ERC','21','92');
Insert into U70591363Q.ENFDAD (CIE10,CRONICA,NOMBRE_ENFDAD,TASA_MORTALIDAD,TASA_LETALIDAD) values ('9461','0','PKS','16','73');
Insert into U70591363Q.ENFDAD (CIE10,CRONICA,NOMBRE_ENFDAD,TASA_MORTALIDAD,TASA_LETALIDAD) values ('8379','0','DEP','86','64');
Insert into U70591363Q.ENFDAD (CIE10,CRONICA,NOMBRE_ENFDAD,TASA_MORTALIDAD,TASA_LETALIDAD) values ('4435','1','ASMA','17','92');
Insert into U70591363Q.ENFDAD (CIE10,CRONICA,NOMBRE_ENFDAD,TASA_MORTALIDAD,TASA_LETALIDAD) values ('4990','0','VAR','32','57');
Insert into U70591363Q.ENFDAD (CIE10,CRONICA,NOMBRE_ENFDAD,TASA_MORTALIDAD,TASA_LETALIDAD) values ('9305','0','VAR','79','44');
Insert into U70591363Q.ENFDAD (CIE10,CRONICA,NOMBRE_ENFDAD,TASA_MORTALIDAD,TASA_LETALIDAD) values ('7411','0','SII','3','61');
Insert into U70591363Q.ENFDAD (CIE10,CRONICA,NOMBRE_ENFDAD,TASA_MORTALIDAD,TASA_LETALIDAD) values ('4017','0','HC','58','43');
Insert into U70591363Q.ENFDAD (CIE10,CRONICA,NOMBRE_ENFDAD,TASA_MORTALIDAD,TASA_LETALIDAD) values ('7188','1','GRIP','50','96');
Insert into U70591363Q.ENFDAD (CIE10,CRONICA,NOMBRE_ENFDAD,TASA_MORTALIDAD,TASA_LETALIDAD) values ('593','0','ACV','34','93');
Insert into U70591363Q.ENFDAD (CIE10,CRONICA,NOMBRE_ENFDAD,TASA_MORTALIDAD,TASA_LETALIDAD) values ('6603','1','EM','80','15');
Insert into U70591363Q.ENFDAD (CIE10,CRONICA,NOMBRE_ENFDAD,TASA_MORTALIDAD,TASA_LETALIDAD) values ('2205','0','LEP','43','2');
Insert into U70591363Q.ENFDAD (CIE10,CRONICA,NOMBRE_ENFDAD,TASA_MORTALIDAD,TASA_LETALIDAD) values ('3144','1','ECC','54','42');
Insert into U70591363Q.ENFDAD (CIE10,CRONICA,NOMBRE_ENFDAD,TASA_MORTALIDAD,TASA_LETALIDAD) values ('4127','0','EA','28','28');
Insert into U70591363Q.ENFDAD (CIE10,CRONICA,NOMBRE_ENFDAD,TASA_MORTALIDAD,TASA_LETALIDAD) values ('6112','0','EPL','25','90');
Insert into U70591363Q.ENFDAD (CIE10,CRONICA,NOMBRE_ENFDAD,TASA_MORTALIDAD,TASA_LETALIDAD) values ('4382','1','GRIP','22','80');
Insert into U70591363Q.ENFDAD (CIE10,CRONICA,NOMBRE_ENFDAD,TASA_MORTALIDAD,TASA_LETALIDAD) values ('6771','1','HB','0','83');
Insert into U70591363Q.ENFDAD (CIE10,CRONICA,NOMBRE_ENFDAD,TASA_MORTALIDAD,TASA_LETALIDAD) values ('2785','1','MAL','40','70');
Insert into U70591363Q.ENFDAD (CIE10,CRONICA,NOMBRE_ENFDAD,TASA_MORTALIDAD,TASA_LETALIDAD) values ('8721','1','SII','47','44');
Insert into U70591363Q.ENFDAD (CIE10,CRONICA,NOMBRE_ENFDAD,TASA_MORTALIDAD,TASA_LETALIDAD) values ('1744','1','SII','9','100');
Insert into U70591363Q.ENFDAD (CIE10,CRONICA,NOMBRE_ENFDAD,TASA_MORTALIDAD,TASA_LETALIDAD) values ('290','1','LES','52','84');
Insert into U70591363Q.ENFDAD (CIE10,CRONICA,NOMBRE_ENFDAD,TASA_MORTALIDAD,TASA_LETALIDAD) values ('1138','0','EA','93','65');
Insert into U70591363Q.ENFDAD (CIE10,CRONICA,NOMBRE_ENFDAD,TASA_MORTALIDAD,TASA_LETALIDAD) values ('1951','1','ENC','32','77');
Insert into U70591363Q.ENFDAD (CIE10,CRONICA,NOMBRE_ENFDAD,TASA_MORTALIDAD,TASA_LETALIDAD) values ('8059','1','CU','22','89');
Insert into U70591363Q.ENFDAD (CIE10,CRONICA,NOMBRE_ENFDAD,TASA_MORTALIDAD,TASA_LETALIDAD) values ('9356','1','PKS','42','34');
Insert into U70591363Q.ENFDAD (CIE10,CRONICA,NOMBRE_ENFDAD,TASA_MORTALIDAD,TASA_LETALIDAD) values ('1946','0','EPL','3','69');
Insert into U70591363Q.ENFDAD (CIE10,CRONICA,NOMBRE_ENFDAD,TASA_MORTALIDAD,TASA_LETALIDAD) values ('1246','0','ERC','54','90');
Insert into U70591363Q.ENFDAD (CIE10,CRONICA,NOMBRE_ENFDAD,TASA_MORTALIDAD,TASA_LETALIDAD) values ('8436','0','LEP','50','63');
Insert into U70591363Q.ENFDAD (CIE10,CRONICA,NOMBRE_ENFDAD,TASA_MORTALIDAD,TASA_LETALIDAD) values ('4596','1','DEN','100','20');
Insert into U70591363Q.ENFDAD (CIE10,CRONICA,NOMBRE_ENFDAD,TASA_MORTALIDAD,TASA_LETALIDAD) values ('2440','0','DEP','11','31');
Insert into U70591363Q.ENFDAD (CIE10,CRONICA,NOMBRE_ENFDAD,TASA_MORTALIDAD,TASA_LETALIDAD) values ('9974','1','BRON','86','71');
Insert into U70591363Q.ENFDAD (CIE10,CRONICA,NOMBRE_ENFDAD,TASA_MORTALIDAD,TASA_LETALIDAD) values ('5963','1','DEN','4','12');
Insert into U70591363Q.ENFDAD (CIE10,CRONICA,NOMBRE_ENFDAD,TASA_MORTALIDAD,TASA_LETALIDAD) values ('4281','1','DEN','78','84');
Insert into U70591363Q.ENFDAD (CIE10,CRONICA,NOMBRE_ENFDAD,TASA_MORTALIDAD,TASA_LETALIDAD) values ('3998','0','DEN','63','2');
REM INSERTING into U70591363Q.CONSULTA
SET DEFINE OFF;
Insert into U70591363Q.CONSULTA (NUMERO,PLANTA,TAMANIO,AFORO) values ('71','4','29','3');
Insert into U70591363Q.CONSULTA (NUMERO,PLANTA,TAMANIO,AFORO) values ('14','5','90','4');
Insert into U70591363Q.CONSULTA (NUMERO,PLANTA,TAMANIO,AFORO) values ('21','0','59','9');
Insert into U70591363Q.CONSULTA (NUMERO,PLANTA,TAMANIO,AFORO) values ('15','8','24','7');
Insert into U70591363Q.CONSULTA (NUMERO,PLANTA,TAMANIO,AFORO) values ('38','0','100','9');
Insert into U70591363Q.CONSULTA (NUMERO,PLANTA,TAMANIO,AFORO) values ('82','3','22','1');
Insert into U70591363Q.CONSULTA (NUMERO,PLANTA,TAMANIO,AFORO) values ('17','8','23','5');
Insert into U70591363Q.CONSULTA (NUMERO,PLANTA,TAMANIO,AFORO) values ('83','6','53','1');
Insert into U70591363Q.CONSULTA (NUMERO,PLANTA,TAMANIO,AFORO) values ('28','7','68','7');
Insert into U70591363Q.CONSULTA (NUMERO,PLANTA,TAMANIO,AFORO) values ('4','9','46','1');
Insert into U70591363Q.CONSULTA (NUMERO,PLANTA,TAMANIO,AFORO) values ('41','2','81','2');
Insert into U70591363Q.CONSULTA (NUMERO,PLANTA,TAMANIO,AFORO) values ('87','9','79','3');
Insert into U70591363Q.CONSULTA (NUMERO,PLANTA,TAMANIO,AFORO) values ('89','7','63','9');
Insert into U70591363Q.CONSULTA (NUMERO,PLANTA,TAMANIO,AFORO) values ('17','1','95','5');
Insert into U70591363Q.CONSULTA (NUMERO,PLANTA,TAMANIO,AFORO) values ('26','5','6','8');
Insert into U70591363Q.CONSULTA (NUMERO,PLANTA,TAMANIO,AFORO) values ('63','10','75','3');
Insert into U70591363Q.CONSULTA (NUMERO,PLANTA,TAMANIO,AFORO) values ('33','8','8','8');
Insert into U70591363Q.CONSULTA (NUMERO,PLANTA,TAMANIO,AFORO) values ('49','1','67','9');
Insert into U70591363Q.CONSULTA (NUMERO,PLANTA,TAMANIO,AFORO) values ('31','4','58','2');
Insert into U70591363Q.CONSULTA (NUMERO,PLANTA,TAMANIO,AFORO) values ('83','2','36','1');
Insert into U70591363Q.CONSULTA (NUMERO,PLANTA,TAMANIO,AFORO) values ('34','10','60','6');
Insert into U70591363Q.CONSULTA (NUMERO,PLANTA,TAMANIO,AFORO) values ('18','9','19','5');
Insert into U70591363Q.CONSULTA (NUMERO,PLANTA,TAMANIO,AFORO) values ('7','1','37','5');
Insert into U70591363Q.CONSULTA (NUMERO,PLANTA,TAMANIO,AFORO) values ('68','9','33','7');
Insert into U70591363Q.CONSULTA (NUMERO,PLANTA,TAMANIO,AFORO) values ('91','3','13','3');
Insert into U70591363Q.CONSULTA (NUMERO,PLANTA,TAMANIO,AFORO) values ('34','0','41','10');
Insert into U70591363Q.CONSULTA (NUMERO,PLANTA,TAMANIO,AFORO) values ('76','2','84','3');
Insert into U70591363Q.CONSULTA (NUMERO,PLANTA,TAMANIO,AFORO) values ('66','8','22','7');
Insert into U70591363Q.CONSULTA (NUMERO,PLANTA,TAMANIO,AFORO) values ('30','6','84','5');
Insert into U70591363Q.CONSULTA (NUMERO,PLANTA,TAMANIO,AFORO) values ('77','9','80','0');
Insert into U70591363Q.CONSULTA (NUMERO,PLANTA,TAMANIO,AFORO) values ('31','4','99','9');
Insert into U70591363Q.CONSULTA (NUMERO,PLANTA,TAMANIO,AFORO) values ('65','8','16','0');
Insert into U70591363Q.CONSULTA (NUMERO,PLANTA,TAMANIO,AFORO) values ('62','7','11','3');
Insert into U70591363Q.CONSULTA (NUMERO,PLANTA,TAMANIO,AFORO) values ('16','4','43','9');
Insert into U70591363Q.CONSULTA (NUMERO,PLANTA,TAMANIO,AFORO) values ('89','7','40','8');
Insert into U70591363Q.CONSULTA (NUMERO,PLANTA,TAMANIO,AFORO) values ('53','2','86','3');
Insert into U70591363Q.CONSULTA (NUMERO,PLANTA,TAMANIO,AFORO) values ('80','1','53','9');
Insert into U70591363Q.CONSULTA (NUMERO,PLANTA,TAMANIO,AFORO) values ('81','9','16','3');
Insert into U70591363Q.CONSULTA (NUMERO,PLANTA,TAMANIO,AFORO) values ('35','3','91','2');
Insert into U70591363Q.CONSULTA (NUMERO,PLANTA,TAMANIO,AFORO) values ('27','0','34','5');
Insert into U70591363Q.CONSULTA (NUMERO,PLANTA,TAMANIO,AFORO) values ('5','2','93','1');
Insert into U70591363Q.CONSULTA (NUMERO,PLANTA,TAMANIO,AFORO) values ('61','10','38','2');
Insert into U70591363Q.CONSULTA (NUMERO,PLANTA,TAMANIO,AFORO) values ('39','8','27','10');
Insert into U70591363Q.CONSULTA (NUMERO,PLANTA,TAMANIO,AFORO) values ('7','1','85','2');
Insert into U70591363Q.CONSULTA (NUMERO,PLANTA,TAMANIO,AFORO) values ('77','5','29','5');
Insert into U70591363Q.CONSULTA (NUMERO,PLANTA,TAMANIO,AFORO) values ('25','8','47','4');
Insert into U70591363Q.CONSULTA (NUMERO,PLANTA,TAMANIO,AFORO) values ('86','2','7','4');
Insert into U70591363Q.CONSULTA (NUMERO,PLANTA,TAMANIO,AFORO) values ('22','7','48','10');
Insert into U70591363Q.CONSULTA (NUMERO,PLANTA,TAMANIO,AFORO) values ('38','9','13','0');
Insert into U70591363Q.CONSULTA (NUMERO,PLANTA,TAMANIO,AFORO) values ('96','10','48','4');
Insert into U70591363Q.CONSULTA (NUMERO,PLANTA,TAMANIO,AFORO) values ('24','3','20','0');
REM INSERTING into U70591363Q.EFEC_SECUN
SET DEFINE OFF;
Insert into U70591363Q.EFEC_SECUN (DESCRIPCION,NIVEL_GRAVEDAD,FRECUENCIA_APARICION,MEDIC_C_NACIONAL) values ('Somnolencia','56','68','6213');
Insert into U70591363Q.EFEC_SECUN (DESCRIPCION,NIVEL_GRAVEDAD,FRECUENCIA_APARICION,MEDIC_C_NACIONAL) values ('Mareo','6','22','743');
Insert into U70591363Q.EFEC_SECUN (DESCRIPCION,NIVEL_GRAVEDAD,FRECUENCIA_APARICION,MEDIC_C_NACIONAL) values ('Mareo','9','62','7657');
Insert into U70591363Q.EFEC_SECUN (DESCRIPCION,NIVEL_GRAVEDAD,FRECUENCIA_APARICION,MEDIC_C_NACIONAL) values ('Somnolencia','61','95','5772');
Insert into U70591363Q.EFEC_SECUN (DESCRIPCION,NIVEL_GRAVEDAD,FRECUENCIA_APARICION,MEDIC_C_NACIONAL) values ('Vómitos','4','69','2861');
Insert into U70591363Q.EFEC_SECUN (DESCRIPCION,NIVEL_GRAVEDAD,FRECUENCIA_APARICION,MEDIC_C_NACIONAL) values ('Vómitos','11','84','7666');
Insert into U70591363Q.EFEC_SECUN (DESCRIPCION,NIVEL_GRAVEDAD,FRECUENCIA_APARICION,MEDIC_C_NACIONAL) values ('Somnolencia','33','78','2643');
Insert into U70591363Q.EFEC_SECUN (DESCRIPCION,NIVEL_GRAVEDAD,FRECUENCIA_APARICION,MEDIC_C_NACIONAL) values ('Vómitos','70','17','6994');
Insert into U70591363Q.EFEC_SECUN (DESCRIPCION,NIVEL_GRAVEDAD,FRECUENCIA_APARICION,MEDIC_C_NACIONAL) values ('Somnolencia','77','77','4931');
Insert into U70591363Q.EFEC_SECUN (DESCRIPCION,NIVEL_GRAVEDAD,FRECUENCIA_APARICION,MEDIC_C_NACIONAL) values ('Mareo','88','21','647');
Insert into U70591363Q.EFEC_SECUN (DESCRIPCION,NIVEL_GRAVEDAD,FRECUENCIA_APARICION,MEDIC_C_NACIONAL) values ('Somnolencia','98','18','1647');
Insert into U70591363Q.EFEC_SECUN (DESCRIPCION,NIVEL_GRAVEDAD,FRECUENCIA_APARICION,MEDIC_C_NACIONAL) values ('Somnolencia','5','62','6109');
Insert into U70591363Q.EFEC_SECUN (DESCRIPCION,NIVEL_GRAVEDAD,FRECUENCIA_APARICION,MEDIC_C_NACIONAL) values ('Dolor de estómago','61','47','8049');
Insert into U70591363Q.EFEC_SECUN (DESCRIPCION,NIVEL_GRAVEDAD,FRECUENCIA_APARICION,MEDIC_C_NACIONAL) values ('Mareo','22','10','3156');
Insert into U70591363Q.EFEC_SECUN (DESCRIPCION,NIVEL_GRAVEDAD,FRECUENCIA_APARICION,MEDIC_C_NACIONAL) values ('Somnolencia','14','63','1827');
Insert into U70591363Q.EFEC_SECUN (DESCRIPCION,NIVEL_GRAVEDAD,FRECUENCIA_APARICION,MEDIC_C_NACIONAL) values ('Vómitos','12','65','1802');
Insert into U70591363Q.EFEC_SECUN (DESCRIPCION,NIVEL_GRAVEDAD,FRECUENCIA_APARICION,MEDIC_C_NACIONAL) values ('Dolor de cabeza','17','32','694');
Insert into U70591363Q.EFEC_SECUN (DESCRIPCION,NIVEL_GRAVEDAD,FRECUENCIA_APARICION,MEDIC_C_NACIONAL) values ('Vómitos','22','17','8395');
Insert into U70591363Q.EFEC_SECUN (DESCRIPCION,NIVEL_GRAVEDAD,FRECUENCIA_APARICION,MEDIC_C_NACIONAL) values ('Náuseas','39','50','9120');
Insert into U70591363Q.EFEC_SECUN (DESCRIPCION,NIVEL_GRAVEDAD,FRECUENCIA_APARICION,MEDIC_C_NACIONAL) values ('Dolor de cabeza','53','45','8672');
Insert into U70591363Q.EFEC_SECUN (DESCRIPCION,NIVEL_GRAVEDAD,FRECUENCIA_APARICION,MEDIC_C_NACIONAL) values ('Dolor de estómago','86','66','6585');
Insert into U70591363Q.EFEC_SECUN (DESCRIPCION,NIVEL_GRAVEDAD,FRECUENCIA_APARICION,MEDIC_C_NACIONAL) values ('Dolor de cabeza','33','25','538');
Insert into U70591363Q.EFEC_SECUN (DESCRIPCION,NIVEL_GRAVEDAD,FRECUENCIA_APARICION,MEDIC_C_NACIONAL) values ('Somnolencia','40','8','562');
Insert into U70591363Q.EFEC_SECUN (DESCRIPCION,NIVEL_GRAVEDAD,FRECUENCIA_APARICION,MEDIC_C_NACIONAL) values ('Dolor de cabeza','16','24','1904');
Insert into U70591363Q.EFEC_SECUN (DESCRIPCION,NIVEL_GRAVEDAD,FRECUENCIA_APARICION,MEDIC_C_NACIONAL) values ('Vómitos','47','48','7973');
Insert into U70591363Q.EFEC_SECUN (DESCRIPCION,NIVEL_GRAVEDAD,FRECUENCIA_APARICION,MEDIC_C_NACIONAL) values ('Dolor de cabeza','37','8','4864');
Insert into U70591363Q.EFEC_SECUN (DESCRIPCION,NIVEL_GRAVEDAD,FRECUENCIA_APARICION,MEDIC_C_NACIONAL) values ('Vómitos','53','15','8918');
Insert into U70591363Q.EFEC_SECUN (DESCRIPCION,NIVEL_GRAVEDAD,FRECUENCIA_APARICION,MEDIC_C_NACIONAL) values ('Vómitos','93','70','9621');
Insert into U70591363Q.EFEC_SECUN (DESCRIPCION,NIVEL_GRAVEDAD,FRECUENCIA_APARICION,MEDIC_C_NACIONAL) values ('Dolor de cabeza','12','28','8504');
Insert into U70591363Q.EFEC_SECUN (DESCRIPCION,NIVEL_GRAVEDAD,FRECUENCIA_APARICION,MEDIC_C_NACIONAL) values ('Somnolencia','26','55','1258');
Insert into U70591363Q.EFEC_SECUN (DESCRIPCION,NIVEL_GRAVEDAD,FRECUENCIA_APARICION,MEDIC_C_NACIONAL) values ('Náuseas','62','58','5137');
Insert into U70591363Q.EFEC_SECUN (DESCRIPCION,NIVEL_GRAVEDAD,FRECUENCIA_APARICION,MEDIC_C_NACIONAL) values ('Somnolencia','21','24','317');
Insert into U70591363Q.EFEC_SECUN (DESCRIPCION,NIVEL_GRAVEDAD,FRECUENCIA_APARICION,MEDIC_C_NACIONAL) values ('Náuseas','6','26','2210');
Insert into U70591363Q.EFEC_SECUN (DESCRIPCION,NIVEL_GRAVEDAD,FRECUENCIA_APARICION,MEDIC_C_NACIONAL) values ('Mareo','59','99','4175');
Insert into U70591363Q.EFEC_SECUN (DESCRIPCION,NIVEL_GRAVEDAD,FRECUENCIA_APARICION,MEDIC_C_NACIONAL) values ('Somnolencia','39','70','4812');
Insert into U70591363Q.EFEC_SECUN (DESCRIPCION,NIVEL_GRAVEDAD,FRECUENCIA_APARICION,MEDIC_C_NACIONAL) values ('Somnolencia','42','22','4675');
Insert into U70591363Q.EFEC_SECUN (DESCRIPCION,NIVEL_GRAVEDAD,FRECUENCIA_APARICION,MEDIC_C_NACIONAL) values ('Dolor de estómago','93','25','9622');
Insert into U70591363Q.EFEC_SECUN (DESCRIPCION,NIVEL_GRAVEDAD,FRECUENCIA_APARICION,MEDIC_C_NACIONAL) values ('Somnolencia','83','13','9030');
Insert into U70591363Q.EFEC_SECUN (DESCRIPCION,NIVEL_GRAVEDAD,FRECUENCIA_APARICION,MEDIC_C_NACIONAL) values ('Dolor de cabeza','22','95','3312');
Insert into U70591363Q.EFEC_SECUN (DESCRIPCION,NIVEL_GRAVEDAD,FRECUENCIA_APARICION,MEDIC_C_NACIONAL) values ('Dolor de cabeza','18','49','5610');
Insert into U70591363Q.EFEC_SECUN (DESCRIPCION,NIVEL_GRAVEDAD,FRECUENCIA_APARICION,MEDIC_C_NACIONAL) values ('Dolor de estómago','61','51','6710');
Insert into U70591363Q.EFEC_SECUN (DESCRIPCION,NIVEL_GRAVEDAD,FRECUENCIA_APARICION,MEDIC_C_NACIONAL) values ('Dolor de estómago','72','61','9599');
Insert into U70591363Q.EFEC_SECUN (DESCRIPCION,NIVEL_GRAVEDAD,FRECUENCIA_APARICION,MEDIC_C_NACIONAL) values ('Náuseas','98','46','495');
Insert into U70591363Q.EFEC_SECUN (DESCRIPCION,NIVEL_GRAVEDAD,FRECUENCIA_APARICION,MEDIC_C_NACIONAL) values ('Náuseas','17','26','4008');
Insert into U70591363Q.EFEC_SECUN (DESCRIPCION,NIVEL_GRAVEDAD,FRECUENCIA_APARICION,MEDIC_C_NACIONAL) values ('Náuseas','51','41','9211');
Insert into U70591363Q.EFEC_SECUN (DESCRIPCION,NIVEL_GRAVEDAD,FRECUENCIA_APARICION,MEDIC_C_NACIONAL) values ('Vómitos','13','43','4160');
Insert into U70591363Q.EFEC_SECUN (DESCRIPCION,NIVEL_GRAVEDAD,FRECUENCIA_APARICION,MEDIC_C_NACIONAL) values ('Mareo','53','14','7088');
Insert into U70591363Q.EFEC_SECUN (DESCRIPCION,NIVEL_GRAVEDAD,FRECUENCIA_APARICION,MEDIC_C_NACIONAL) values ('Vómitos','83','55','404');
Insert into U70591363Q.EFEC_SECUN (DESCRIPCION,NIVEL_GRAVEDAD,FRECUENCIA_APARICION,MEDIC_C_NACIONAL) values ('Mareo','5','76','4403');
Insert into U70591363Q.EFEC_SECUN (DESCRIPCION,NIVEL_GRAVEDAD,FRECUENCIA_APARICION,MEDIC_C_NACIONAL) values ('Dolor de cabeza','65','46','6962');
Insert into U70591363Q.EFEC_SECUN (DESCRIPCION,NIVEL_GRAVEDAD,FRECUENCIA_APARICION,MEDIC_C_NACIONAL) values ('Náuseas','54','97','9452');
REM INSERTING into U70591363Q.ENF_MEDIC
SET DEFINE OFF;
Insert into U70591363Q.ENF_MEDIC (ENFDAD_CIE10,MEDIC_C_NACIONAL) values ('5850','6213');
Insert into U70591363Q.ENF_MEDIC (ENFDAD_CIE10,MEDIC_C_NACIONAL) values ('7080','743');
Insert into U70591363Q.ENF_MEDIC (ENFDAD_CIE10,MEDIC_C_NACIONAL) values ('1958','7657');
Insert into U70591363Q.ENF_MEDIC (ENFDAD_CIE10,MEDIC_C_NACIONAL) values ('8043','5772');
Insert into U70591363Q.ENF_MEDIC (ENFDAD_CIE10,MEDIC_C_NACIONAL) values ('9507','2861');
Insert into U70591363Q.ENF_MEDIC (ENFDAD_CIE10,MEDIC_C_NACIONAL) values ('4915','7666');
Insert into U70591363Q.ENF_MEDIC (ENFDAD_CIE10,MEDIC_C_NACIONAL) values ('2620','2643');
Insert into U70591363Q.ENF_MEDIC (ENFDAD_CIE10,MEDIC_C_NACIONAL) values ('2652','6994');
Insert into U70591363Q.ENF_MEDIC (ENFDAD_CIE10,MEDIC_C_NACIONAL) values ('5305','4931');
Insert into U70591363Q.ENF_MEDIC (ENFDAD_CIE10,MEDIC_C_NACIONAL) values ('1367','647');
Insert into U70591363Q.ENF_MEDIC (ENFDAD_CIE10,MEDIC_C_NACIONAL) values ('4221','1647');
Insert into U70591363Q.ENF_MEDIC (ENFDAD_CIE10,MEDIC_C_NACIONAL) values ('7944','6109');
Insert into U70591363Q.ENF_MEDIC (ENFDAD_CIE10,MEDIC_C_NACIONAL) values ('1552','8049');
Insert into U70591363Q.ENF_MEDIC (ENFDAD_CIE10,MEDIC_C_NACIONAL) values ('4922','3156');
Insert into U70591363Q.ENF_MEDIC (ENFDAD_CIE10,MEDIC_C_NACIONAL) values ('7008','1827');
Insert into U70591363Q.ENF_MEDIC (ENFDAD_CIE10,MEDIC_C_NACIONAL) values ('172','1802');
Insert into U70591363Q.ENF_MEDIC (ENFDAD_CIE10,MEDIC_C_NACIONAL) values ('3572','694');
Insert into U70591363Q.ENF_MEDIC (ENFDAD_CIE10,MEDIC_C_NACIONAL) values ('8942','8395');
Insert into U70591363Q.ENF_MEDIC (ENFDAD_CIE10,MEDIC_C_NACIONAL) values ('9461','9120');
Insert into U70591363Q.ENF_MEDIC (ENFDAD_CIE10,MEDIC_C_NACIONAL) values ('8379','8672');
Insert into U70591363Q.ENF_MEDIC (ENFDAD_CIE10,MEDIC_C_NACIONAL) values ('4435','6585');
Insert into U70591363Q.ENF_MEDIC (ENFDAD_CIE10,MEDIC_C_NACIONAL) values ('4990','538');
Insert into U70591363Q.ENF_MEDIC (ENFDAD_CIE10,MEDIC_C_NACIONAL) values ('9305','562');
Insert into U70591363Q.ENF_MEDIC (ENFDAD_CIE10,MEDIC_C_NACIONAL) values ('7411','1904');
Insert into U70591363Q.ENF_MEDIC (ENFDAD_CIE10,MEDIC_C_NACIONAL) values ('4017','7973');
Insert into U70591363Q.ENF_MEDIC (ENFDAD_CIE10,MEDIC_C_NACIONAL) values ('7188','4864');
Insert into U70591363Q.ENF_MEDIC (ENFDAD_CIE10,MEDIC_C_NACIONAL) values ('593','8918');
Insert into U70591363Q.ENF_MEDIC (ENFDAD_CIE10,MEDIC_C_NACIONAL) values ('6603','9621');
Insert into U70591363Q.ENF_MEDIC (ENFDAD_CIE10,MEDIC_C_NACIONAL) values ('2205','8504');
Insert into U70591363Q.ENF_MEDIC (ENFDAD_CIE10,MEDIC_C_NACIONAL) values ('3144','1258');
Insert into U70591363Q.ENF_MEDIC (ENFDAD_CIE10,MEDIC_C_NACIONAL) values ('4127','5137');
Insert into U70591363Q.ENF_MEDIC (ENFDAD_CIE10,MEDIC_C_NACIONAL) values ('6112','317');
Insert into U70591363Q.ENF_MEDIC (ENFDAD_CIE10,MEDIC_C_NACIONAL) values ('4382','2210');
Insert into U70591363Q.ENF_MEDIC (ENFDAD_CIE10,MEDIC_C_NACIONAL) values ('6771','4175');
Insert into U70591363Q.ENF_MEDIC (ENFDAD_CIE10,MEDIC_C_NACIONAL) values ('2785','4812');
Insert into U70591363Q.ENF_MEDIC (ENFDAD_CIE10,MEDIC_C_NACIONAL) values ('8721','4675');
Insert into U70591363Q.ENF_MEDIC (ENFDAD_CIE10,MEDIC_C_NACIONAL) values ('1744','9622');
Insert into U70591363Q.ENF_MEDIC (ENFDAD_CIE10,MEDIC_C_NACIONAL) values ('290','9030');
Insert into U70591363Q.ENF_MEDIC (ENFDAD_CIE10,MEDIC_C_NACIONAL) values ('1138','3312');
Insert into U70591363Q.ENF_MEDIC (ENFDAD_CIE10,MEDIC_C_NACIONAL) values ('1951','5610');
Insert into U70591363Q.ENF_MEDIC (ENFDAD_CIE10,MEDIC_C_NACIONAL) values ('8059','6710');
Insert into U70591363Q.ENF_MEDIC (ENFDAD_CIE10,MEDIC_C_NACIONAL) values ('9356','9599');
Insert into U70591363Q.ENF_MEDIC (ENFDAD_CIE10,MEDIC_C_NACIONAL) values ('1946','495');
Insert into U70591363Q.ENF_MEDIC (ENFDAD_CIE10,MEDIC_C_NACIONAL) values ('1246','4008');
Insert into U70591363Q.ENF_MEDIC (ENFDAD_CIE10,MEDIC_C_NACIONAL) values ('8436','9211');
Insert into U70591363Q.ENF_MEDIC (ENFDAD_CIE10,MEDIC_C_NACIONAL) values ('4596','4160');
Insert into U70591363Q.ENF_MEDIC (ENFDAD_CIE10,MEDIC_C_NACIONAL) values ('2440','7088');
Insert into U70591363Q.ENF_MEDIC (ENFDAD_CIE10,MEDIC_C_NACIONAL) values ('9974','404');
Insert into U70591363Q.ENF_MEDIC (ENFDAD_CIE10,MEDIC_C_NACIONAL) values ('5963','4403');
Insert into U70591363Q.ENF_MEDIC (ENFDAD_CIE10,MEDIC_C_NACIONAL) values ('4281','6962');
Insert into U70591363Q.ENF_MEDIC (ENFDAD_CIE10,MEDIC_C_NACIONAL) values ('3998','9452');
--------------------------------------------------------
--  DDL for Index PACIENTE__IDX
--------------------------------------------------------

  CREATE UNIQUE INDEX "U70591363Q"."PACIENTE__IDX" ON "U70591363Q"."PACIENTE" ("HISTORIAL_MEDICO_N_REGISTRO") 
  PCTFREE 10 INITRANS 2 MAXTRANS 255 COMPUTE STATISTICS 
  STORAGE(INITIAL 65536 NEXT 1048576 MINEXTENTS 1 MAXEXTENTS 2147483645
  PCTINCREASE 0 FREELISTS 1 FREELIST GROUPS 1
  BUFFER_POOL DEFAULT FLASH_CACHE DEFAULT CELL_FLASH_CACHE DEFAULT)
  TABLESPACE "USERS" ;
--------------------------------------------------------
--  DDL for Index PACIENTE_PK
--------------------------------------------------------

  CREATE UNIQUE INDEX "U70591363Q"."PACIENTE_PK" ON "U70591363Q"."PACIENTE" ("DNI") 
  PCTFREE 10 INITRANS 2 MAXTRANS 255 COMPUTE STATISTICS 
  STORAGE(INITIAL 65536 NEXT 1048576 MINEXTENTS 1 MAXEXTENTS 2147483645
  PCTINCREASE 0 FREELISTS 1 FREELIST GROUPS 1
  BUFFER_POOL DEFAULT FLASH_CACHE DEFAULT CELL_FLASH_CACHE DEFAULT)
  TABLESPACE "USERS" ;
--------------------------------------------------------
--  DDL for Index HISTORIAL_MEDICO__IDX
--------------------------------------------------------

  CREATE UNIQUE INDEX "U70591363Q"."HISTORIAL_MEDICO__IDX" ON "U70591363Q"."HISTORIAL_MEDICO" ("PACIENTE_DNI") 
  PCTFREE 10 INITRANS 2 MAXTRANS 255 COMPUTE STATISTICS 
  STORAGE(INITIAL 65536 NEXT 1048576 MINEXTENTS 1 MAXEXTENTS 2147483645
  PCTINCREASE 0 FREELISTS 1 FREELIST GROUPS 1
  BUFFER_POOL DEFAULT FLASH_CACHE DEFAULT CELL_FLASH_CACHE DEFAULT)
  TABLESPACE "USERS" ;
--------------------------------------------------------
--  DDL for Index MEDIC_PK
--------------------------------------------------------

  CREATE UNIQUE INDEX "U70591363Q"."MEDIC_PK" ON "U70591363Q"."MEDIC" ("C_NACIONAL") 
  PCTFREE 10 INITRANS 2 MAXTRANS 255 COMPUTE STATISTICS 
  STORAGE(INITIAL 65536 NEXT 1048576 MINEXTENTS 1 MAXEXTENTS 2147483645
  PCTINCREASE 0 FREELISTS 1 FREELIST GROUPS 1
  BUFFER_POOL DEFAULT FLASH_CACHE DEFAULT CELL_FLASH_CACHE DEFAULT)
  TABLESPACE "USERS" ;
--------------------------------------------------------
--  DDL for Trigger ARC_FKARC_2_MEDICO
--------------------------------------------------------

  CREATE OR REPLACE EDITIONABLE TRIGGER "U70591363Q"."ARC_FKARC_2_MEDICO" BEFORE
    INSERT OR UPDATE OF p_sanit_p_sanit_id ON medico
    FOR EACH ROW
DECLARE
    d VARCHAR2(9);
BEGIN
    SELECT
        a.p_sanit_type
    INTO d
    FROM
        p_sanit a
    WHERE
        a.p_sanit_id = :new.p_sanit_p_sanit_id;

    IF ( d IS NULL OR d <> 'MEDICO' ) THEN
        raise_application_error(-20223, 'FK MEDICO_P_SANIT_FK in Table MEDICO violates Arc constraint on Table P_SANIT - discriminator column P_SANIT_TYPE doesn''t have value ''MEDICO'''
        );
    END IF;

EXCEPTION
    WHEN no_data_found THEN
        NULL;
    WHEN OTHERS THEN
        RAISE;
END;

/
ALTER TRIGGER "U70591363Q"."ARC_FKARC_2_MEDICO" ENABLE;
--------------------------------------------------------
--  DDL for Trigger ARC_FKARC_1_NO_FINAN
--------------------------------------------------------

  CREATE OR REPLACE EDITIONABLE TRIGGER "U70591363Q"."ARC_FKARC_1_NO_FINAN" BEFORE
    INSERT OR UPDATE OF c_nacional ON no_finan
    FOR EACH ROW
DECLARE
    d VARCHAR2(8);
BEGIN
    SELECT
        a.medic_type
    INTO d
    FROM
        medic a
    WHERE
        a.c_nacional = :new.c_nacional;

    IF ( d IS NULL OR d <> 'NO_FINAN' ) THEN
        raise_application_error(-20223, 'FK NO_FINAN_MEDIC_FK in Table NO_FINAN violates Arc constraint on Table MEDIC - discriminator column MEDIC_TYPE doesn''t have value ''NO_FINAN'''
        );
    END IF;

EXCEPTION
    WHEN no_data_found THEN
        NULL;
    WHEN OTHERS THEN
        RAISE;
END;

/
ALTER TRIGGER "U70591363Q"."ARC_FKARC_1_NO_FINAN" ENABLE;
--------------------------------------------------------
--  DDL for Trigger ARC_FKARC_1_FINAN
--------------------------------------------------------

  CREATE OR REPLACE EDITIONABLE TRIGGER "U70591363Q"."ARC_FKARC_1_FINAN" BEFORE
    INSERT OR UPDATE OF c_nacional ON finan
    FOR EACH ROW
DECLARE
    d VARCHAR2(8);
BEGIN
    SELECT
        a.medic_type
    INTO d
    FROM
        medic a
    WHERE
        a.c_nacional = :new.c_nacional;

    IF ( d IS NULL OR d <> 'FINAN' ) THEN
        raise_application_error(-20223, 'FK FINAN_MEDIC_FK in Table FINAN violates Arc constraint on Table MEDIC - discriminator column MEDIC_TYPE doesn''t have value ''FINAN'''
        );
    END IF;

EXCEPTION
    WHEN no_data_found THEN
        NULL;
    WHEN OTHERS THEN
        RAISE;
END;

/
ALTER TRIGGER "U70591363Q"."ARC_FKARC_1_FINAN" ENABLE;
--------------------------------------------------------
--  DDL for Trigger P_SANIT_P_SANIT_ID_TRG
--------------------------------------------------------

  CREATE OR REPLACE EDITIONABLE TRIGGER "U70591363Q"."P_SANIT_P_SANIT_ID_TRG" BEFORE
    INSERT ON p_sanit
    FOR EACH ROW
     WHEN ( new.p_sanit_id IS NULL ) BEGIN
    :new.p_sanit_id := p_sanit_p_sanit_id_seq.nextval;
END;

/
ALTER TRIGGER "U70591363Q"."P_SANIT_P_SANIT_ID_TRG" ENABLE;
--------------------------------------------------------
--  DDL for Trigger ARC_FKARC_2_ENFERMERO
--------------------------------------------------------

  CREATE OR REPLACE EDITIONABLE TRIGGER "U70591363Q"."ARC_FKARC_2_ENFERMERO" BEFORE
    INSERT OR UPDATE OF p_sanit_p_sanit_id ON enfermero
    FOR EACH ROW
DECLARE
    d VARCHAR2(9);
BEGIN
    SELECT
        a.p_sanit_type
    INTO d
    FROM
        p_sanit a
    WHERE
        a.p_sanit_id = :new.p_sanit_p_sanit_id;

    IF ( d IS NULL OR d <> 'ENFERMERO' ) THEN
        raise_application_error(-20223, 'FK ENFERMERO_P_SANIT_FK in Table ENFERMERO violates Arc constraint on Table P_SANIT - discriminator column P_SANIT_TYPE doesn''t have value ''ENFERMERO'''
        );
    END IF;

EXCEPTION
    WHEN no_data_found THEN
        NULL;
    WHEN OTHERS THEN
        RAISE;
END;

/
ALTER TRIGGER "U70591363Q"."ARC_FKARC_2_ENFERMERO" ENABLE;
--------------------------------------------------------
--  Constraints for Table MEDICO
--------------------------------------------------------

  ALTER TABLE "U70591363Q"."MEDICO" ADD CONSTRAINT "MEDICO_ID_UN" UNIQUE ("ID_M") DISABLE;
  ALTER TABLE "U70591363Q"."MEDICO" ADD CONSTRAINT "MEDICO_PK" PRIMARY KEY ("P_SANIT_P_SANIT_ID") DISABLE;
  ALTER TABLE "U70591363Q"."MEDICO" MODIFY ("P_SANIT_P_SANIT_ID" NOT NULL DISABLE);
  ALTER TABLE "U70591363Q"."MEDICO" MODIFY ("ID_M" NOT NULL DISABLE);
  ALTER TABLE "U70591363Q"."MEDICO" MODIFY ("ESPECIALIZACION" NOT NULL DISABLE);
  ALTER TABLE "U70591363Q"."MEDICO" MODIFY ("ANIOS_TRABAJO" NOT NULL DISABLE);
--------------------------------------------------------
--  Constraints for Table NO_FINAN
--------------------------------------------------------

  ALTER TABLE "U70591363Q"."NO_FINAN" ADD CONSTRAINT "NO_FINAN_PK" PRIMARY KEY ("C_NACIONAL") DISABLE;
  ALTER TABLE "U70591363Q"."NO_FINAN" MODIFY ("C_NACIONAL" NOT NULL DISABLE);
--------------------------------------------------------
--  Constraints for Table SINTOMAS
--------------------------------------------------------

  ALTER TABLE "U70591363Q"."SINTOMAS" ADD CONSTRAINT "SINTOMAS_PK" PRIMARY KEY ("SINTOMAS", "ENFDAD_CIE10") DISABLE;
  ALTER TABLE "U70591363Q"."SINTOMAS" MODIFY ("SINTOMAS" NOT NULL DISABLE);
  ALTER TABLE "U70591363Q"."SINTOMAS" MODIFY ("ENFDAD_CIE10" NOT NULL DISABLE);
--------------------------------------------------------
--  Constraints for Table FINAN
--------------------------------------------------------

  ALTER TABLE "U70591363Q"."FINAN" ADD CONSTRAINT "FINAN_PK" PRIMARY KEY ("C_NACIONAL") DISABLE;
  ALTER TABLE "U70591363Q"."FINAN" MODIFY ("C_NACIONAL" NOT NULL DISABLE);
  ALTER TABLE "U70591363Q"."FINAN" MODIFY ("PVP" NOT NULL DISABLE);
  ALTER TABLE "U70591363Q"."FINAN" MODIFY ("PVL" NOT NULL DISABLE);
--------------------------------------------------------
--  Constraints for Table P_SANIT
--------------------------------------------------------

  ALTER TABLE "U70591363Q"."P_SANIT" ADD CONSTRAINT "CH_INH_P_SANIT" CHECK ( p_sanit_type IN ( 'ENFERMERO', 'MEDICO', 'P_SANIT' ) ) DISABLE;
  ALTER TABLE "U70591363Q"."P_SANIT" ADD CONSTRAINT "P_SANIT_PK" PRIMARY KEY ("P_SANIT_ID") DISABLE;
  ALTER TABLE "U70591363Q"."P_SANIT" MODIFY ("P_SANIT_ID" NOT NULL DISABLE);
  ALTER TABLE "U70591363Q"."P_SANIT" MODIFY ("P_SANIT_TYPE" NOT NULL DISABLE);
--------------------------------------------------------
--  Constraints for Table PACIENTE
--------------------------------------------------------

  ALTER TABLE "U70591363Q"."PACIENTE" ADD CONSTRAINT "PACIENTE_PK" PRIMARY KEY ("DNI")
  USING INDEX PCTFREE 10 INITRANS 2 MAXTRANS 255 COMPUTE STATISTICS 
  STORAGE(INITIAL 65536 NEXT 1048576 MINEXTENTS 1 MAXEXTENTS 2147483645
  PCTINCREASE 0 FREELISTS 1 FREELIST GROUPS 1
  BUFFER_POOL DEFAULT FLASH_CACHE DEFAULT CELL_FLASH_CACHE DEFAULT)
  TABLESPACE "USERS"  ENABLE;
  ALTER TABLE "U70591363Q"."PACIENTE" MODIFY ("DNI" NOT NULL DISABLE);
  ALTER TABLE "U70591363Q"."PACIENTE" MODIFY ("NOMBRE_PAC" NOT NULL DISABLE);
  ALTER TABLE "U70591363Q"."PACIENTE" MODIFY ("APELLIDO" NOT NULL DISABLE);
  ALTER TABLE "U70591363Q"."PACIENTE" MODIFY ("FECHA_NACIMIENTO" NOT NULL DISABLE);
  ALTER TABLE "U70591363Q"."PACIENTE" MODIFY ("HISTORIAL_MEDICO_N_REGISTRO" NOT NULL DISABLE);
--------------------------------------------------------
--  Constraints for Table FAM_MEDIC
--------------------------------------------------------

  ALTER TABLE "U70591363Q"."FAM_MEDIC" ADD CONSTRAINT "FAM_MEDIC_PK" PRIMARY KEY ("FAMILIA_MEDICAMENTO", "MEDIC_C_NACIONAL") DISABLE;
  ALTER TABLE "U70591363Q"."FAM_MEDIC" MODIFY ("FAMILIA_MEDICAMENTO" NOT NULL DISABLE);
  ALTER TABLE "U70591363Q"."FAM_MEDIC" MODIFY ("MEDIC_C_NACIONAL" NOT NULL DISABLE);
--------------------------------------------------------
--  Constraints for Table PAC_ENF
--------------------------------------------------------

  ALTER TABLE "U70591363Q"."PAC_ENF" ADD CONSTRAINT "PAC_ENF_PK" PRIMARY KEY ("PACIENTE_DNI", "ENFDAD_CIE10") DISABLE;
  ALTER TABLE "U70591363Q"."PAC_ENF" MODIFY ("PACIENTE_DNI" NOT NULL DISABLE);
  ALTER TABLE "U70591363Q"."PAC_ENF" MODIFY ("ENFDAD_CIE10" NOT NULL DISABLE);
  ALTER TABLE "U70591363Q"."PAC_ENF" MODIFY ("DURACION" NOT NULL DISABLE);
--------------------------------------------------------
--  Constraints for Table CITA
--------------------------------------------------------

  ALTER TABLE "U70591363Q"."CITA" ADD CONSTRAINT "CITA_PK" PRIMARY KEY ("FECHA", "HORA", "PACIENTE_DNI", "CONSULTA_NUMERO", "CONSULTA_PLANTA") DISABLE;
  ALTER TABLE "U70591363Q"."CITA" MODIFY ("FECHA" NOT NULL DISABLE);
  ALTER TABLE "U70591363Q"."CITA" MODIFY ("HORA" NOT NULL DISABLE);
  ALTER TABLE "U70591363Q"."CITA" MODIFY ("PACIENTE_DNI" NOT NULL DISABLE);
  ALTER TABLE "U70591363Q"."CITA" MODIFY ("CONSULTA_NUMERO" NOT NULL DISABLE);
  ALTER TABLE "U70591363Q"."CITA" MODIFY ("CONSULTA_PLANTA" NOT NULL DISABLE);
  ALTER TABLE "U70591363Q"."CITA" MODIFY ("P_SANIT_P_SANIT_ID" NOT NULL DISABLE);
--------------------------------------------------------
--  Constraints for Table ENFERMERO
--------------------------------------------------------

  ALTER TABLE "U70591363Q"."ENFERMERO" ADD CONSTRAINT "ENFERMERO_CODIGO_UN" UNIQUE ("CODIGO") DISABLE;
  ALTER TABLE "U70591363Q"."ENFERMERO" ADD CONSTRAINT "ENFERMERO_PK" PRIMARY KEY ("P_SANIT_P_SANIT_ID") DISABLE;
  ALTER TABLE "U70591363Q"."ENFERMERO" MODIFY ("P_SANIT_P_SANIT_ID" NOT NULL DISABLE);
  ALTER TABLE "U70591363Q"."ENFERMERO" MODIFY ("CODIGO" NOT NULL DISABLE);
  ALTER TABLE "U70591363Q"."ENFERMERO" MODIFY ("TURNO" NOT NULL DISABLE);
--------------------------------------------------------
--  Constraints for Table FARM_NO_FINAN
--------------------------------------------------------

  ALTER TABLE "U70591363Q"."FARM_NO_FINAN" ADD CONSTRAINT "FARM_NO_FINAN_PK" PRIMARY KEY ("FARMACIA_N_LICENCIA", "NO_FINAN_C_NACIONAL") DISABLE;
  ALTER TABLE "U70591363Q"."FARM_NO_FINAN" MODIFY ("FARMACIA_N_LICENCIA" NOT NULL DISABLE);
  ALTER TABLE "U70591363Q"."FARM_NO_FINAN" MODIFY ("NO_FINAN_C_NACIONAL" NOT NULL DISABLE);
--------------------------------------------------------
--  Constraints for Table HISTORIAL_MEDICO
--------------------------------------------------------

  ALTER TABLE "U70591363Q"."HISTORIAL_MEDICO" ADD CONSTRAINT "HISTORIAL_MEDICO_PK" PRIMARY KEY ("N_REGISTRO") DISABLE;
  ALTER TABLE "U70591363Q"."HISTORIAL_MEDICO" MODIFY ("N_REGISTRO" NOT NULL DISABLE);
  ALTER TABLE "U70591363Q"."HISTORIAL_MEDICO" MODIFY ("FECHA_INICIO" NOT NULL DISABLE);
  ALTER TABLE "U70591363Q"."HISTORIAL_MEDICO" MODIFY ("PACIENTE_DNI" NOT NULL DISABLE);
--------------------------------------------------------
--  Constraints for Table FARMACIA
--------------------------------------------------------

  ALTER TABLE "U70591363Q"."FARMACIA" ADD CONSTRAINT "FARMACIA_PK" PRIMARY KEY ("N_LICENCIA") DISABLE;
  ALTER TABLE "U70591363Q"."FARMACIA" MODIFY ("N_LICENCIA" NOT NULL DISABLE);
  ALTER TABLE "U70591363Q"."FARMACIA" MODIFY ("UBICACION" NOT NULL DISABLE);
--------------------------------------------------------
--  Constraints for Table MEDIC
--------------------------------------------------------

  ALTER TABLE "U70591363Q"."MEDIC" ADD CONSTRAINT "CH_INH_MEDIC" CHECK ( medic_type IN ( 'FINAN', 'MEDIC', 'NO_FINAN' ) ) DISABLE;
  ALTER TABLE "U70591363Q"."MEDIC" ADD CONSTRAINT "MEDIC_PK" PRIMARY KEY ("C_NACIONAL")
  USING INDEX PCTFREE 10 INITRANS 2 MAXTRANS 255 COMPUTE STATISTICS 
  STORAGE(INITIAL 65536 NEXT 1048576 MINEXTENTS 1 MAXEXTENTS 2147483645
  PCTINCREASE 0 FREELISTS 1 FREELIST GROUPS 1
  BUFFER_POOL DEFAULT FLASH_CACHE DEFAULT CELL_FLASH_CACHE DEFAULT)
  TABLESPACE "USERS"  ENABLE;
  ALTER TABLE "U70591363Q"."MEDIC" MODIFY ("C_NACIONAL" NOT NULL DISABLE);
  ALTER TABLE "U70591363Q"."MEDIC" MODIFY ("NOMBRE" NOT NULL DISABLE);
  ALTER TABLE "U70591363Q"."MEDIC" MODIFY ("VIA_ADMINISTRACION" NOT NULL DISABLE);
  ALTER TABLE "U70591363Q"."MEDIC" MODIFY ("PRESENTACION" NOT NULL DISABLE);
  ALTER TABLE "U70591363Q"."MEDIC" MODIFY ("FORMATO" NOT NULL DISABLE);
  ALTER TABLE "U70591363Q"."MEDIC" MODIFY ("RECETA" NOT NULL DISABLE);
  ALTER TABLE "U70591363Q"."MEDIC" MODIFY ("MEDIC_TYPE" NOT NULL DISABLE);
--------------------------------------------------------
--  Constraints for Table ENFDAD
--------------------------------------------------------

  ALTER TABLE "U70591363Q"."ENFDAD" ADD CONSTRAINT "ENFDAD_PK" PRIMARY KEY ("CIE10") DISABLE;
  ALTER TABLE "U70591363Q"."ENFDAD" MODIFY ("CIE10" NOT NULL DISABLE);
  ALTER TABLE "U70591363Q"."ENFDAD" MODIFY ("CRONICA" NOT NULL DISABLE);
  ALTER TABLE "U70591363Q"."ENFDAD" MODIFY ("NOMBRE_ENFDAD" NOT NULL DISABLE);
  ALTER TABLE "U70591363Q"."ENFDAD" MODIFY ("TASA_MORTALIDAD" NOT NULL DISABLE);
  ALTER TABLE "U70591363Q"."ENFDAD" MODIFY ("TASA_LETALIDAD" NOT NULL DISABLE);
--------------------------------------------------------
--  Constraints for Table CONSULTA
--------------------------------------------------------

  ALTER TABLE "U70591363Q"."CONSULTA" ADD CONSTRAINT "CONSULTA_PK" PRIMARY KEY ("NUMERO", "PLANTA") DISABLE;
  ALTER TABLE "U70591363Q"."CONSULTA" MODIFY ("NUMERO" NOT NULL DISABLE);
  ALTER TABLE "U70591363Q"."CONSULTA" MODIFY ("PLANTA" NOT NULL DISABLE);
  ALTER TABLE "U70591363Q"."CONSULTA" MODIFY ("TAMANIO" NOT NULL DISABLE);
  ALTER TABLE "U70591363Q"."CONSULTA" MODIFY ("AFORO" NOT NULL DISABLE);
--------------------------------------------------------
--  Constraints for Table EFEC_SECUN
--------------------------------------------------------

  ALTER TABLE "U70591363Q"."EFEC_SECUN" ADD CONSTRAINT "EFEC_SECUN_PK" PRIMARY KEY ("DESCRIPCION", "NIVEL_GRAVEDAD", "FRECUENCIA_APARICION", "MEDIC_C_NACIONAL") DISABLE;
  ALTER TABLE "U70591363Q"."EFEC_SECUN" MODIFY ("DESCRIPCION" NOT NULL DISABLE);
  ALTER TABLE "U70591363Q"."EFEC_SECUN" MODIFY ("NIVEL_GRAVEDAD" NOT NULL DISABLE);
  ALTER TABLE "U70591363Q"."EFEC_SECUN" MODIFY ("FRECUENCIA_APARICION" NOT NULL DISABLE);
  ALTER TABLE "U70591363Q"."EFEC_SECUN" MODIFY ("MEDIC_C_NACIONAL" NOT NULL DISABLE);
--------------------------------------------------------
--  Constraints for Table ENF_MEDIC
--------------------------------------------------------

  ALTER TABLE "U70591363Q"."ENF_MEDIC" ADD CONSTRAINT "ENF_MEDIC_PK" PRIMARY KEY ("ENFDAD_CIE10", "MEDIC_C_NACIONAL") DISABLE;
  ALTER TABLE "U70591363Q"."ENF_MEDIC" MODIFY ("ENFDAD_CIE10" NOT NULL DISABLE);
  ALTER TABLE "U70591363Q"."ENF_MEDIC" MODIFY ("MEDIC_C_NACIONAL" NOT NULL DISABLE);
--------------------------------------------------------
--  Ref Constraints for Table MEDICO
--------------------------------------------------------

  ALTER TABLE "U70591363Q"."MEDICO" ADD CONSTRAINT "MEDICO_P_SANIT_FK" FOREIGN KEY ("P_SANIT_P_SANIT_ID")
	  REFERENCES "U70591363Q"."P_SANIT" ("P_SANIT_ID") DISABLE;
--------------------------------------------------------
--  Ref Constraints for Table NO_FINAN
--------------------------------------------------------

  ALTER TABLE "U70591363Q"."NO_FINAN" ADD CONSTRAINT "NO_FINAN_MEDIC_FK" FOREIGN KEY ("C_NACIONAL")
	  REFERENCES "U70591363Q"."MEDIC" ("C_NACIONAL") DISABLE;
--------------------------------------------------------
--  Ref Constraints for Table SINTOMAS
--------------------------------------------------------

  ALTER TABLE "U70591363Q"."SINTOMAS" ADD CONSTRAINT "SINTOMAS_ENFDAD_FK" FOREIGN KEY ("ENFDAD_CIE10")
	  REFERENCES "U70591363Q"."ENFDAD" ("CIE10") DISABLE;
--------------------------------------------------------
--  Ref Constraints for Table FINAN
--------------------------------------------------------

  ALTER TABLE "U70591363Q"."FINAN" ADD CONSTRAINT "FINAN_MEDIC_FK" FOREIGN KEY ("C_NACIONAL")
	  REFERENCES "U70591363Q"."MEDIC" ("C_NACIONAL") DISABLE;
--------------------------------------------------------
--  Ref Constraints for Table PACIENTE
--------------------------------------------------------

  ALTER TABLE "U70591363Q"."PACIENTE" ADD CONSTRAINT "PACIENTE_HISTORIAL_MEDICO_FK" FOREIGN KEY ("HISTORIAL_MEDICO_N_REGISTRO")
	  REFERENCES "U70591363Q"."HISTORIAL_MEDICO" ("N_REGISTRO") DISABLE;
--------------------------------------------------------
--  Ref Constraints for Table FAM_MEDIC
--------------------------------------------------------

  ALTER TABLE "U70591363Q"."FAM_MEDIC" ADD CONSTRAINT "FAM_MEDIC_MEDIC_FK" FOREIGN KEY ("MEDIC_C_NACIONAL")
	  REFERENCES "U70591363Q"."MEDIC" ("C_NACIONAL") DISABLE;
--------------------------------------------------------
--  Ref Constraints for Table PAC_ENF
--------------------------------------------------------

  ALTER TABLE "U70591363Q"."PAC_ENF" ADD CONSTRAINT "PAC_ENF_ENFDAD_FK" FOREIGN KEY ("ENFDAD_CIE10")
	  REFERENCES "U70591363Q"."ENFDAD" ("CIE10") DISABLE;
  ALTER TABLE "U70591363Q"."PAC_ENF" ADD CONSTRAINT "PAC_ENF_PACIENTE_FK" FOREIGN KEY ("PACIENTE_DNI")
	  REFERENCES "U70591363Q"."PACIENTE" ("DNI") DISABLE;
--------------------------------------------------------
--  Ref Constraints for Table CITA
--------------------------------------------------------

  ALTER TABLE "U70591363Q"."CITA" ADD CONSTRAINT "CITA_CONSULTA_FK" FOREIGN KEY ("CONSULTA_NUMERO", "CONSULTA_PLANTA")
	  REFERENCES "U70591363Q"."CONSULTA" ("NUMERO", "PLANTA") DISABLE;
  ALTER TABLE "U70591363Q"."CITA" ADD CONSTRAINT "CITA_PACIENTE_FK" FOREIGN KEY ("PACIENTE_DNI")
	  REFERENCES "U70591363Q"."PACIENTE" ("DNI") DISABLE;
  ALTER TABLE "U70591363Q"."CITA" ADD CONSTRAINT "CITA_P_SANIT_FK" FOREIGN KEY ("P_SANIT_P_SANIT_ID")
	  REFERENCES "U70591363Q"."P_SANIT" ("P_SANIT_ID") DISABLE;
--------------------------------------------------------
--  Ref Constraints for Table ENFERMERO
--------------------------------------------------------

  ALTER TABLE "U70591363Q"."ENFERMERO" ADD CONSTRAINT "ENFERMERO_P_SANIT_FK" FOREIGN KEY ("P_SANIT_P_SANIT_ID")
	  REFERENCES "U70591363Q"."P_SANIT" ("P_SANIT_ID") DISABLE;
--------------------------------------------------------
--  Ref Constraints for Table FARM_NO_FINAN
--------------------------------------------------------

  ALTER TABLE "U70591363Q"."FARM_NO_FINAN" ADD CONSTRAINT "FARM_NO_FINAN_FARMACIA_FK" FOREIGN KEY ("FARMACIA_N_LICENCIA")
	  REFERENCES "U70591363Q"."FARMACIA" ("N_LICENCIA") DISABLE;
  ALTER TABLE "U70591363Q"."FARM_NO_FINAN" ADD CONSTRAINT "FARM_NO_FINAN_NO_FINAN_FK" FOREIGN KEY ("NO_FINAN_C_NACIONAL")
	  REFERENCES "U70591363Q"."NO_FINAN" ("C_NACIONAL") DISABLE;
--------------------------------------------------------
--  Ref Constraints for Table HISTORIAL_MEDICO
--------------------------------------------------------

  ALTER TABLE "U70591363Q"."HISTORIAL_MEDICO" ADD CONSTRAINT "HISTORIAL_MEDICO_PACIENTE_FK" FOREIGN KEY ("PACIENTE_DNI")
	  REFERENCES "U70591363Q"."PACIENTE" ("DNI") DISABLE;
--------------------------------------------------------
--  Ref Constraints for Table EFEC_SECUN
--------------------------------------------------------

  ALTER TABLE "U70591363Q"."EFEC_SECUN" ADD CONSTRAINT "EFEC_SECUN_MEDIC_FK" FOREIGN KEY ("MEDIC_C_NACIONAL")
	  REFERENCES "U70591363Q"."MEDIC" ("C_NACIONAL") DISABLE;
--------------------------------------------------------
--  Ref Constraints for Table ENF_MEDIC
--------------------------------------------------------

  ALTER TABLE "U70591363Q"."ENF_MEDIC" ADD CONSTRAINT "ENF_MEDIC_ENFDAD_FK" FOREIGN KEY ("ENFDAD_CIE10")
	  REFERENCES "U70591363Q"."ENFDAD" ("CIE10") DISABLE;
  ALTER TABLE "U70591363Q"."ENF_MEDIC" ADD CONSTRAINT "ENF_MEDIC_MEDIC_FK" FOREIGN KEY ("MEDIC_C_NACIONAL")
	  REFERENCES "U70591363Q"."MEDIC" ("C_NACIONAL") DISABLE;
